UNINTEGRATED,ANAGLYCOLYSIS-PWY:_glycolysis_III_(from_glucose),1
UNINTEGRATED,ASPASN-PWY:_superpathway_of_L-aspartate_and_L-asparagine_biosynthesis,1
UNINTEGRATED,CALVIN-PWY:_Calvin-Benson-Bassham_cycle,1
UNINTEGRATED,GLCMANNANAUT-PWY:_superpathway_of_N-acetylglucosamine,_N-acetylmannosamine_and_N-acetylneuraminate_degradation,1
UNINTEGRATED,GLUCONEO-PWY:_gluconeogenesis_I,1
UNINTEGRATED,GLYCOLYSIS:_glycolysis_I_(from_glucose_6-phosphate),1
UNINTEGRATED,HEMESYN2-PWY:_heme_b_biosynthesis_II_(oxygen-independent),1
UNINTEGRATED,ILEUSYN-PWY:_L-isoleucine_biosynthesis_I_(from_threonine),1
UNINTEGRATED,NONOXIPENT-PWY:_pentose_phosphate_pathway_(non-oxidative_branch)_I,1
UNINTEGRATED,PENTOSE-P-PWY:_pentose_phosphate_pathway,1
UNINTEGRATED,PHOSLIPSYN-PWY:_superpathway_of_phospholipid_biosynthesis_I_(bacteria),1
UNINTEGRATED,PWY-1042:_glycolysis_IV,1
UNINTEGRATED,PWY-1269:_CMP-3-deoxy-D-manno-octulosonate_biosynthesis,1
UNINTEGRATED,PWY-2942:_L-lysine_biosynthesis_III,1
UNINTEGRATED,PWY-4041:_&gamma;-glutamyl_cycle,1
UNINTEGRATED,PWY-5097:_L-lysine_biosynthesis_VI,1
UNINTEGRATED,PWY-5103:_L-isoleucine_biosynthesis_III,1
UNINTEGRATED,PWY-5188:_tetrapyrrole_biosynthesis_I_(from_glutamate),1
UNINTEGRATED,PWY-5484:_glycolysis_II_(from_fructose_6-phosphate),1
UNINTEGRATED,PWY-5667:_CDP-diacylglycerol_biosynthesis_I,1
UNINTEGRATED,PWY-6123:_inosine-5'-phosphate_biosynthesis_I,1
UNINTEGRATED,PWY-6124:_inosine-5'-phosphate_biosynthesis_II,1
UNINTEGRATED,PWY-7208:_superpathway_of_pyrimidine_nucleobases_salvage,1
UNINTEGRATED,PWY-7234:_inosine-5'-phosphate_biosynthesis_III,1
UNINTEGRATED,PWY-7237:_myo-,_chiro-_and_scyllo-inositol_degradation,1
UNINTEGRATED,PWY-724:_superpathway_of_L-lysine,_L-threonine_and_L-methionine_biosynthesis_II,1
UNINTEGRATED,PWY-7663:_gondoate_biosynthesis_(anaerobic),1
UNINTEGRATED,PWY-8178:_pentose_phosphate_pathway_(non-oxidative_branch)_II,1
UNINTEGRATED,PWY0-1241:_ADP-L-glycero-&beta;-D-manno-heptose_biosynthesis,1
UNINTEGRATED,PWY0-1319:_CDP-diacylglycerol_biosynthesis_II,1
UNINTEGRATED,PWY0-1586:_peptidoglycan_maturation_(meso-diaminopimelate_containing),1
UNINTEGRATED,PWY0-862:_(5Z)-dodecenoate_biosynthesis_I,1
UNINTEGRATED,PWY4FS-7:_phosphatidylglycerol_biosynthesis_I_(plastidic),1
UNINTEGRATED,PWY4FS-8:_phosphatidylglycerol_biosynthesis_II_(non-plastidic),1
UNINTEGRATED,PWY66-429:_fatty_acid_biosynthesis_initiation_(mitochondria),1
UNINTEGRATED,SER-GLYSYN-PWY:_superpathway_of_L-serine_and_glycine_biosynthesis_I,1
UNINTEGRATED,THRESYN-PWY:_superpathway_of_L-threonine_biosynthesis,1
UNINTEGRATED,UDPNAGSYN-PWY:_UDP-N-acetyl-D-glucosamine_biosynthesis_I,1
UNINTEGRATED,VALSYN-PWY:_L-valine_biosynthesis,1
ANAGLYCOLYSIS-PWY:_glycolysis_III_(from_glucose),ASPASN-PWY:_superpathway_of_L-aspartate_and_L-asparagine_biosynthesis,1
ANAGLYCOLYSIS-PWY:_glycolysis_III_(from_glucose),CALVIN-PWY:_Calvin-Benson-Bassham_cycle,1
ANAGLYCOLYSIS-PWY:_glycolysis_III_(from_glucose),GLCMANNANAUT-PWY:_superpathway_of_N-acetylglucosamine,_N-acetylmannosamine_and_N-acetylneuraminate_degradation,1
ANAGLYCOLYSIS-PWY:_glycolysis_III_(from_glucose),GLUCONEO-PWY:_gluconeogenesis_I,1
ANAGLYCOLYSIS-PWY:_glycolysis_III_(from_glucose),GLYCOLYSIS:_glycolysis_I_(from_glucose_6-phosphate),1
ANAGLYCOLYSIS-PWY:_glycolysis_III_(from_glucose),HEMESYN2-PWY:_heme_b_biosynthesis_II_(oxygen-independent),1
ANAGLYCOLYSIS-PWY:_glycolysis_III_(from_glucose),ILEUSYN-PWY:_L-isoleucine_biosynthesis_I_(from_threonine),1
ANAGLYCOLYSIS-PWY:_glycolysis_III_(from_glucose),NONOXIPENT-PWY:_pentose_phosphate_pathway_(non-oxidative_branch)_I,1
ANAGLYCOLYSIS-PWY:_glycolysis_III_(from_glucose),PENTOSE-P-PWY:_pentose_phosphate_pathway,1
ANAGLYCOLYSIS-PWY:_glycolysis_III_(from_glucose),PHOSLIPSYN-PWY:_superpathway_of_phospholipid_biosynthesis_I_(bacteria),1
ANAGLYCOLYSIS-PWY:_glycolysis_III_(from_glucose),PWY-1042:_glycolysis_IV,1
ANAGLYCOLYSIS-PWY:_glycolysis_III_(from_glucose),PWY-1269:_CMP-3-deoxy-D-manno-octulosonate_biosynthesis,1
ANAGLYCOLYSIS-PWY:_glycolysis_III_(from_glucose),PWY-2942:_L-lysine_biosynthesis_III,1
ANAGLYCOLYSIS-PWY:_glycolysis_III_(from_glucose),PWY-4041:_&gamma;-glutamyl_cycle,1
ANAGLYCOLYSIS-PWY:_glycolysis_III_(from_glucose),PWY-5097:_L-lysine_biosynthesis_VI,1
ANAGLYCOLYSIS-PWY:_glycolysis_III_(from_glucose),PWY-5103:_L-isoleucine_biosynthesis_III,1
ANAGLYCOLYSIS-PWY:_glycolysis_III_(from_glucose),PWY-5188:_tetrapyrrole_biosynthesis_I_(from_glutamate),1
ANAGLYCOLYSIS-PWY:_glycolysis_III_(from_glucose),PWY-5484:_glycolysis_II_(from_fructose_6-phosphate),1
ANAGLYCOLYSIS-PWY:_glycolysis_III_(from_glucose),PWY-5667:_CDP-diacylglycerol_biosynthesis_I,1
ANAGLYCOLYSIS-PWY:_glycolysis_III_(from_glucose),PWY-6123:_inosine-5'-phosphate_biosynthesis_I,1
ANAGLYCOLYSIS-PWY:_glycolysis_III_(from_glucose),PWY-6124:_inosine-5'-phosphate_biosynthesis_II,1
ANAGLYCOLYSIS-PWY:_glycolysis_III_(from_glucose),PWY-7208:_superpathway_of_pyrimidine_nucleobases_salvage,1
ANAGLYCOLYSIS-PWY:_glycolysis_III_(from_glucose),PWY-7234:_inosine-5'-phosphate_biosynthesis_III,1
ANAGLYCOLYSIS-PWY:_glycolysis_III_(from_glucose),PWY-7237:_myo-,_chiro-_and_scyllo-inositol_degradation,1
ANAGLYCOLYSIS-PWY:_glycolysis_III_(from_glucose),PWY-724:_superpathway_of_L-lysine,_L-threonine_and_L-methionine_biosynthesis_II,1
ANAGLYCOLYSIS-PWY:_glycolysis_III_(from_glucose),PWY-7663:_gondoate_biosynthesis_(anaerobic),1
ANAGLYCOLYSIS-PWY:_glycolysis_III_(from_glucose),PWY-8178:_pentose_phosphate_pathway_(non-oxidative_branch)_II,1
ANAGLYCOLYSIS-PWY:_glycolysis_III_(from_glucose),PWY0-1241:_ADP-L-glycero-&beta;-D-manno-heptose_biosynthesis,1
ANAGLYCOLYSIS-PWY:_glycolysis_III_(from_glucose),PWY0-1319:_CDP-diacylglycerol_biosynthesis_II,1
ANAGLYCOLYSIS-PWY:_glycolysis_III_(from_glucose),PWY0-1586:_peptidoglycan_maturation_(meso-diaminopimelate_containing),1
ANAGLYCOLYSIS-PWY:_glycolysis_III_(from_glucose),PWY0-862:_(5Z)-dodecenoate_biosynthesis_I,1
ANAGLYCOLYSIS-PWY:_glycolysis_III_(from_glucose),PWY4FS-7:_phosphatidylglycerol_biosynthesis_I_(plastidic),1
ANAGLYCOLYSIS-PWY:_glycolysis_III_(from_glucose),PWY4FS-8:_phosphatidylglycerol_biosynthesis_II_(non-plastidic),1
ANAGLYCOLYSIS-PWY:_glycolysis_III_(from_glucose),PWY66-429:_fatty_acid_biosynthesis_initiation_(mitochondria),1
ANAGLYCOLYSIS-PWY:_glycolysis_III_(from_glucose),SER-GLYSYN-PWY:_superpathway_of_L-serine_and_glycine_biosynthesis_I,1
ANAGLYCOLYSIS-PWY:_glycolysis_III_(from_glucose),THRESYN-PWY:_superpathway_of_L-threonine_biosynthesis,1
ANAGLYCOLYSIS-PWY:_glycolysis_III_(from_glucose),UDPNAGSYN-PWY:_UDP-N-acetyl-D-glucosamine_biosynthesis_I,1
ANAGLYCOLYSIS-PWY:_glycolysis_III_(from_glucose),VALSYN-PWY:_L-valine_biosynthesis,1
ASPASN-PWY:_superpathway_of_L-aspartate_and_L-asparagine_biosynthesis,CALVIN-PWY:_Calvin-Benson-Bassham_cycle,1
ASPASN-PWY:_superpathway_of_L-aspartate_and_L-asparagine_biosynthesis,GLCMANNANAUT-PWY:_superpathway_of_N-acetylglucosamine,_N-acetylmannosamine_and_N-acetylneuraminate_degradation,1
ASPASN-PWY:_superpathway_of_L-aspartate_and_L-asparagine_biosynthesis,GLUCONEO-PWY:_gluconeogenesis_I,1
ASPASN-PWY:_superpathway_of_L-aspartate_and_L-asparagine_biosynthesis,GLYCOLYSIS:_glycolysis_I_(from_glucose_6-phosphate),1
ASPASN-PWY:_superpathway_of_L-aspartate_and_L-asparagine_biosynthesis,HEMESYN2-PWY:_heme_b_biosynthesis_II_(oxygen-independent),1
ASPASN-PWY:_superpathway_of_L-aspartate_and_L-asparagine_biosynthesis,ILEUSYN-PWY:_L-isoleucine_biosynthesis_I_(from_threonine),1
ASPASN-PWY:_superpathway_of_L-aspartate_and_L-asparagine_biosynthesis,NONOXIPENT-PWY:_pentose_phosphate_pathway_(non-oxidative_branch)_I,1
ASPASN-PWY:_superpathway_of_L-aspartate_and_L-asparagine_biosynthesis,PENTOSE-P-PWY:_pentose_phosphate_pathway,1
ASPASN-PWY:_superpathway_of_L-aspartate_and_L-asparagine_biosynthesis,PHOSLIPSYN-PWY:_superpathway_of_phospholipid_biosynthesis_I_(bacteria),1
ASPASN-PWY:_superpathway_of_L-aspartate_and_L-asparagine_biosynthesis,PWY-1042:_glycolysis_IV,1
ASPASN-PWY:_superpathway_of_L-aspartate_and_L-asparagine_biosynthesis,PWY-1269:_CMP-3-deoxy-D-manno-octulosonate_biosynthesis,1
ASPASN-PWY:_superpathway_of_L-aspartate_and_L-asparagine_biosynthesis,PWY-2942:_L-lysine_biosynthesis_III,1
ASPASN-PWY:_superpathway_of_L-aspartate_and_L-asparagine_biosynthesis,PWY-4041:_&gamma;-glutamyl_cycle,1
ASPASN-PWY:_superpathway_of_L-aspartate_and_L-asparagine_biosynthesis,PWY-5097:_L-lysine_biosynthesis_VI,1
ASPASN-PWY:_superpathway_of_L-aspartate_and_L-asparagine_biosynthesis,PWY-5103:_L-isoleucine_biosynthesis_III,1
ASPASN-PWY:_superpathway_of_L-aspartate_and_L-asparagine_biosynthesis,PWY-5188:_tetrapyrrole_biosynthesis_I_(from_glutamate),1
ASPASN-PWY:_superpathway_of_L-aspartate_and_L-asparagine_biosynthesis,PWY-5484:_glycolysis_II_(from_fructose_6-phosphate),1
ASPASN-PWY:_superpathway_of_L-aspartate_and_L-asparagine_biosynthesis,PWY-5667:_CDP-diacylglycerol_biosynthesis_I,1
ASPASN-PWY:_superpathway_of_L-aspartate_and_L-asparagine_biosynthesis,PWY-6123:_inosine-5'-phosphate_biosynthesis_I,1
ASPASN-PWY:_superpathway_of_L-aspartate_and_L-asparagine_biosynthesis,PWY-6124:_inosine-5'-phosphate_biosynthesis_II,1
ASPASN-PWY:_superpathway_of_L-aspartate_and_L-asparagine_biosynthesis,PWY-7208:_superpathway_of_pyrimidine_nucleobases_salvage,1
ASPASN-PWY:_superpathway_of_L-aspartate_and_L-asparagine_biosynthesis,PWY-7234:_inosine-5'-phosphate_biosynthesis_III,1
ASPASN-PWY:_superpathway_of_L-aspartate_and_L-asparagine_biosynthesis,PWY-7237:_myo-,_chiro-_and_scyllo-inositol_degradation,1
ASPASN-PWY:_superpathway_of_L-aspartate_and_L-asparagine_biosynthesis,PWY-724:_superpathway_of_L-lysine,_L-threonine_and_L-methionine_biosynthesis_II,1
ASPASN-PWY:_superpathway_of_L-aspartate_and_L-asparagine_biosynthesis,PWY-7663:_gondoate_biosynthesis_(anaerobic),1
ASPASN-PWY:_superpathway_of_L-aspartate_and_L-asparagine_biosynthesis,PWY-8178:_pentose_phosphate_pathway_(non-oxidative_branch)_II,1
ASPASN-PWY:_superpathway_of_L-aspartate_and_L-asparagine_biosynthesis,PWY0-1241:_ADP-L-glycero-&beta;-D-manno-heptose_biosynthesis,1
ASPASN-PWY:_superpathway_of_L-aspartate_and_L-asparagine_biosynthesis,PWY0-1319:_CDP-diacylglycerol_biosynthesis_II,1
ASPASN-PWY:_superpathway_of_L-aspartate_and_L-asparagine_biosynthesis,PWY0-1586:_peptidoglycan_maturation_(meso-diaminopimelate_containing),1
ASPASN-PWY:_superpathway_of_L-aspartate_and_L-asparagine_biosynthesis,PWY0-862:_(5Z)-dodecenoate_biosynthesis_I,1
ASPASN-PWY:_superpathway_of_L-aspartate_and_L-asparagine_biosynthesis,PWY4FS-7:_phosphatidylglycerol_biosynthesis_I_(plastidic),1
ASPASN-PWY:_superpathway_of_L-aspartate_and_L-asparagine_biosynthesis,PWY4FS-8:_phosphatidylglycerol_biosynthesis_II_(non-plastidic),1
ASPASN-PWY:_superpathway_of_L-aspartate_and_L-asparagine_biosynthesis,PWY66-429:_fatty_acid_biosynthesis_initiation_(mitochondria),1
ASPASN-PWY:_superpathway_of_L-aspartate_and_L-asparagine_biosynthesis,SER-GLYSYN-PWY:_superpathway_of_L-serine_and_glycine_biosynthesis_I,1
ASPASN-PWY:_superpathway_of_L-aspartate_and_L-asparagine_biosynthesis,THRESYN-PWY:_superpathway_of_L-threonine_biosynthesis,1
ASPASN-PWY:_superpathway_of_L-aspartate_and_L-asparagine_biosynthesis,UDPNAGSYN-PWY:_UDP-N-acetyl-D-glucosamine_biosynthesis_I,1
ASPASN-PWY:_superpathway_of_L-aspartate_and_L-asparagine_biosynthesis,VALSYN-PWY:_L-valine_biosynthesis,1
CALVIN-PWY:_Calvin-Benson-Bassham_cycle,GLCMANNANAUT-PWY:_superpathway_of_N-acetylglucosamine,_N-acetylmannosamine_and_N-acetylneuraminate_degradation,1
CALVIN-PWY:_Calvin-Benson-Bassham_cycle,GLUCONEO-PWY:_gluconeogenesis_I,1
CALVIN-PWY:_Calvin-Benson-Bassham_cycle,GLYCOLYSIS:_glycolysis_I_(from_glucose_6-phosphate),1
CALVIN-PWY:_Calvin-Benson-Bassham_cycle,HEMESYN2-PWY:_heme_b_biosynthesis_II_(oxygen-independent),1
CALVIN-PWY:_Calvin-Benson-Bassham_cycle,ILEUSYN-PWY:_L-isoleucine_biosynthesis_I_(from_threonine),1
CALVIN-PWY:_Calvin-Benson-Bassham_cycle,NONOXIPENT-PWY:_pentose_phosphate_pathway_(non-oxidative_branch)_I,1
CALVIN-PWY:_Calvin-Benson-Bassham_cycle,PENTOSE-P-PWY:_pentose_phosphate_pathway,1
CALVIN-PWY:_Calvin-Benson-Bassham_cycle,PHOSLIPSYN-PWY:_superpathway_of_phospholipid_biosynthesis_I_(bacteria),1
CALVIN-PWY:_Calvin-Benson-Bassham_cycle,PWY-1042:_glycolysis_IV,1
CALVIN-PWY:_Calvin-Benson-Bassham_cycle,PWY-1269:_CMP-3-deoxy-D-manno-octulosonate_biosynthesis,1
CALVIN-PWY:_Calvin-Benson-Bassham_cycle,PWY-2942:_L-lysine_biosynthesis_III,1
CALVIN-PWY:_Calvin-Benson-Bassham_cycle,PWY-4041:_&gamma;-glutamyl_cycle,1
CALVIN-PWY:_Calvin-Benson-Bassham_cycle,PWY-5097:_L-lysine_biosynthesis_VI,1
CALVIN-PWY:_Calvin-Benson-Bassham_cycle,PWY-5103:_L-isoleucine_biosynthesis_III,1
CALVIN-PWY:_Calvin-Benson-Bassham_cycle,PWY-5188:_tetrapyrrole_biosynthesis_I_(from_glutamate),1
CALVIN-PWY:_Calvin-Benson-Bassham_cycle,PWY-5484:_glycolysis_II_(from_fructose_6-phosphate),1
CALVIN-PWY:_Calvin-Benson-Bassham_cycle,PWY-5667:_CDP-diacylglycerol_biosynthesis_I,1
CALVIN-PWY:_Calvin-Benson-Bassham_cycle,PWY-6123:_inosine-5'-phosphate_biosynthesis_I,1
CALVIN-PWY:_Calvin-Benson-Bassham_cycle,PWY-6124:_inosine-5'-phosphate_biosynthesis_II,1
CALVIN-PWY:_Calvin-Benson-Bassham_cycle,PWY-7208:_superpathway_of_pyrimidine_nucleobases_salvage,1
CALVIN-PWY:_Calvin-Benson-Bassham_cycle,PWY-7234:_inosine-5'-phosphate_biosynthesis_III,1
CALVIN-PWY:_Calvin-Benson-Bassham_cycle,PWY-7237:_myo-,_chiro-_and_scyllo-inositol_degradation,1
CALVIN-PWY:_Calvin-Benson-Bassham_cycle,PWY-724:_superpathway_of_L-lysine,_L-threonine_and_L-methionine_biosynthesis_II,1
CALVIN-PWY:_Calvin-Benson-Bassham_cycle,PWY-7663:_gondoate_biosynthesis_(anaerobic),1
CALVIN-PWY:_Calvin-Benson-Bassham_cycle,PWY-8178:_pentose_phosphate_pathway_(non-oxidative_branch)_II,1
CALVIN-PWY:_Calvin-Benson-Bassham_cycle,PWY0-1241:_ADP-L-glycero-&beta;-D-manno-heptose_biosynthesis,1
CALVIN-PWY:_Calvin-Benson-Bassham_cycle,PWY0-1319:_CDP-diacylglycerol_biosynthesis_II,1
CALVIN-PWY:_Calvin-Benson-Bassham_cycle,PWY0-1586:_peptidoglycan_maturation_(meso-diaminopimelate_containing),1
CALVIN-PWY:_Calvin-Benson-Bassham_cycle,PWY0-862:_(5Z)-dodecenoate_biosynthesis_I,1
CALVIN-PWY:_Calvin-Benson-Bassham_cycle,PWY4FS-7:_phosphatidylglycerol_biosynthesis_I_(plastidic),1
CALVIN-PWY:_Calvin-Benson-Bassham_cycle,PWY4FS-8:_phosphatidylglycerol_biosynthesis_II_(non-plastidic),1
CALVIN-PWY:_Calvin-Benson-Bassham_cycle,PWY66-429:_fatty_acid_biosynthesis_initiation_(mitochondria),1
CALVIN-PWY:_Calvin-Benson-Bassham_cycle,SER-GLYSYN-PWY:_superpathway_of_L-serine_and_glycine_biosynthesis_I,1
CALVIN-PWY:_Calvin-Benson-Bassham_cycle,THRESYN-PWY:_superpathway_of_L-threonine_biosynthesis,1
CALVIN-PWY:_Calvin-Benson-Bassham_cycle,UDPNAGSYN-PWY:_UDP-N-acetyl-D-glucosamine_biosynthesis_I,1
CALVIN-PWY:_Calvin-Benson-Bassham_cycle,VALSYN-PWY:_L-valine_biosynthesis,1
GLCMANNANAUT-PWY:_superpathway_of_N-acetylglucosamine,_N-acetylmannosamine_and_N-acetylneuraminate_degradation,GLUCONEO-PWY:_gluconeogenesis_I,1
GLCMANNANAUT-PWY:_superpathway_of_N-acetylglucosamine,_N-acetylmannosamine_and_N-acetylneuraminate_degradation,GLYCOLYSIS:_glycolysis_I_(from_glucose_6-phosphate),1
GLCMANNANAUT-PWY:_superpathway_of_N-acetylglucosamine,_N-acetylmannosamine_and_N-acetylneuraminate_degradation,HEMESYN2-PWY:_heme_b_biosynthesis_II_(oxygen-independent),1
GLCMANNANAUT-PWY:_superpathway_of_N-acetylglucosamine,_N-acetylmannosamine_and_N-acetylneuraminate_degradation,ILEUSYN-PWY:_L-isoleucine_biosynthesis_I_(from_threonine),1
GLCMANNANAUT-PWY:_superpathway_of_N-acetylglucosamine,_N-acetylmannosamine_and_N-acetylneuraminate_degradation,NONOXIPENT-PWY:_pentose_phosphate_pathway_(non-oxidative_branch)_I,1
GLCMANNANAUT-PWY:_superpathway_of_N-acetylglucosamine,_N-acetylmannosamine_and_N-acetylneuraminate_degradation,PENTOSE-P-PWY:_pentose_phosphate_pathway,1
GLCMANNANAUT-PWY:_superpathway_of_N-acetylglucosamine,_N-acetylmannosamine_and_N-acetylneuraminate_degradation,PHOSLIPSYN-PWY:_superpathway_of_phospholipid_biosynthesis_I_(bacteria),1
GLCMANNANAUT-PWY:_superpathway_of_N-acetylglucosamine,_N-acetylmannosamine_and_N-acetylneuraminate_degradation,PWY-1042:_glycolysis_IV,1
GLCMANNANAUT-PWY:_superpathway_of_N-acetylglucosamine,_N-acetylmannosamine_and_N-acetylneuraminate_degradation,PWY-1269:_CMP-3-deoxy-D-manno-octulosonate_biosynthesis,1
GLCMANNANAUT-PWY:_superpathway_of_N-acetylglucosamine,_N-acetylmannosamine_and_N-acetylneuraminate_degradation,PWY-2942:_L-lysine_biosynthesis_III,1
GLCMANNANAUT-PWY:_superpathway_of_N-acetylglucosamine,_N-acetylmannosamine_and_N-acetylneuraminate_degradation,PWY-4041:_&gamma;-glutamyl_cycle,1
GLCMANNANAUT-PWY:_superpathway_of_N-acetylglucosamine,_N-acetylmannosamine_and_N-acetylneuraminate_degradation,PWY-5097:_L-lysine_biosynthesis_VI,1
GLCMANNANAUT-PWY:_superpathway_of_N-acetylglucosamine,_N-acetylmannosamine_and_N-acetylneuraminate_degradation,PWY-5103:_L-isoleucine_biosynthesis_III,1
GLCMANNANAUT-PWY:_superpathway_of_N-acetylglucosamine,_N-acetylmannosamine_and_N-acetylneuraminate_degradation,PWY-5188:_tetrapyrrole_biosynthesis_I_(from_glutamate),1
GLCMANNANAUT-PWY:_superpathway_of_N-acetylglucosamine,_N-acetylmannosamine_and_N-acetylneuraminate_degradation,PWY-5484:_glycolysis_II_(from_fructose_6-phosphate),1
GLCMANNANAUT-PWY:_superpathway_of_N-acetylglucosamine,_N-acetylmannosamine_and_N-acetylneuraminate_degradation,PWY-5667:_CDP-diacylglycerol_biosynthesis_I,1
GLCMANNANAUT-PWY:_superpathway_of_N-acetylglucosamine,_N-acetylmannosamine_and_N-acetylneuraminate_degradation,PWY-6123:_inosine-5'-phosphate_biosynthesis_I,1
GLCMANNANAUT-PWY:_superpathway_of_N-acetylglucosamine,_N-acetylmannosamine_and_N-acetylneuraminate_degradation,PWY-6124:_inosine-5'-phosphate_biosynthesis_II,1
GLCMANNANAUT-PWY:_superpathway_of_N-acetylglucosamine,_N-acetylmannosamine_and_N-acetylneuraminate_degradation,PWY-7208:_superpathway_of_pyrimidine_nucleobases_salvage,1
GLCMANNANAUT-PWY:_superpathway_of_N-acetylglucosamine,_N-acetylmannosamine_and_N-acetylneuraminate_degradation,PWY-7234:_inosine-5'-phosphate_biosynthesis_III,1
GLCMANNANAUT-PWY:_superpathway_of_N-acetylglucosamine,_N-acetylmannosamine_and_N-acetylneuraminate_degradation,PWY-7237:_myo-,_chiro-_and_scyllo-inositol_degradation,1
GLCMANNANAUT-PWY:_superpathway_of_N-acetylglucosamine,_N-acetylmannosamine_and_N-acetylneuraminate_degradation,PWY-724:_superpathway_of_L-lysine,_L-threonine_and_L-methionine_biosynthesis_II,1
GLCMANNANAUT-PWY:_superpathway_of_N-acetylglucosamine,_N-acetylmannosamine_and_N-acetylneuraminate_degradation,PWY-7663:_gondoate_biosynthesis_(anaerobic),1
GLCMANNANAUT-PWY:_superpathway_of_N-acetylglucosamine,_N-acetylmannosamine_and_N-acetylneuraminate_degradation,PWY-8178:_pentose_phosphate_pathway_(non-oxidative_branch)_II,1
GLCMANNANAUT-PWY:_superpathway_of_N-acetylglucosamine,_N-acetylmannosamine_and_N-acetylneuraminate_degradation,PWY0-1241:_ADP-L-glycero-&beta;-D-manno-heptose_biosynthesis,1
GLCMANNANAUT-PWY:_superpathway_of_N-acetylglucosamine,_N-acetylmannosamine_and_N-acetylneuraminate_degradation,PWY0-1319:_CDP-diacylglycerol_biosynthesis_II,1
GLCMANNANAUT-PWY:_superpathway_of_N-acetylglucosamine,_N-acetylmannosamine_and_N-acetylneuraminate_degradation,PWY0-1586:_peptidoglycan_maturation_(meso-diaminopimelate_containing),1
GLCMANNANAUT-PWY:_superpathway_of_N-acetylglucosamine,_N-acetylmannosamine_and_N-acetylneuraminate_degradation,PWY0-862:_(5Z)-dodecenoate_biosynthesis_I,1
GLCMANNANAUT-PWY:_superpathway_of_N-acetylglucosamine,_N-acetylmannosamine_and_N-acetylneuraminate_degradation,PWY4FS-7:_phosphatidylglycerol_biosynthesis_I_(plastidic),1
GLCMANNANAUT-PWY:_superpathway_of_N-acetylglucosamine,_N-acetylmannosamine_and_N-acetylneuraminate_degradation,PWY4FS-8:_phosphatidylglycerol_biosynthesis_II_(non-plastidic),1
GLCMANNANAUT-PWY:_superpathway_of_N-acetylglucosamine,_N-acetylmannosamine_and_N-acetylneuraminate_degradation,PWY66-429:_fatty_acid_biosynthesis_initiation_(mitochondria),1
GLCMANNANAUT-PWY:_superpathway_of_N-acetylglucosamine,_N-acetylmannosamine_and_N-acetylneuraminate_degradation,SER-GLYSYN-PWY:_superpathway_of_L-serine_and_glycine_biosynthesis_I,1
GLCMANNANAUT-PWY:_superpathway_of_N-acetylglucosamine,_N-acetylmannosamine_and_N-acetylneuraminate_degradation,THRESYN-PWY:_superpathway_of_L-threonine_biosynthesis,1
GLCMANNANAUT-PWY:_superpathway_of_N-acetylglucosamine,_N-acetylmannosamine_and_N-acetylneuraminate_degradation,UDPNAGSYN-PWY:_UDP-N-acetyl-D-glucosamine_biosynthesis_I,1
GLCMANNANAUT-PWY:_superpathway_of_N-acetylglucosamine,_N-acetylmannosamine_and_N-acetylneuraminate_degradation,VALSYN-PWY:_L-valine_biosynthesis,1
GLUCONEO-PWY:_gluconeogenesis_I,GLYCOLYSIS:_glycolysis_I_(from_glucose_6-phosphate),1
GLUCONEO-PWY:_gluconeogenesis_I,HEMESYN2-PWY:_heme_b_biosynthesis_II_(oxygen-independent),1
GLUCONEO-PWY:_gluconeogenesis_I,ILEUSYN-PWY:_L-isoleucine_biosynthesis_I_(from_threonine),1
GLUCONEO-PWY:_gluconeogenesis_I,NONOXIPENT-PWY:_pentose_phosphate_pathway_(non-oxidative_branch)_I,1
GLUCONEO-PWY:_gluconeogenesis_I,PENTOSE-P-PWY:_pentose_phosphate_pathway,1
GLUCONEO-PWY:_gluconeogenesis_I,PHOSLIPSYN-PWY:_superpathway_of_phospholipid_biosynthesis_I_(bacteria),1
GLUCONEO-PWY:_gluconeogenesis_I,PWY-1042:_glycolysis_IV,1
GLUCONEO-PWY:_gluconeogenesis_I,PWY-1269:_CMP-3-deoxy-D-manno-octulosonate_biosynthesis,1
GLUCONEO-PWY:_gluconeogenesis_I,PWY-2942:_L-lysine_biosynthesis_III,1
GLUCONEO-PWY:_gluconeogenesis_I,PWY-4041:_&gamma;-glutamyl_cycle,1
GLUCONEO-PWY:_gluconeogenesis_I,PWY-5097:_L-lysine_biosynthesis_VI,1
GLUCONEO-PWY:_gluconeogenesis_I,PWY-5103:_L-isoleucine_biosynthesis_III,1
GLUCONEO-PWY:_gluconeogenesis_I,PWY-5188:_tetrapyrrole_biosynthesis_I_(from_glutamate),1
GLUCONEO-PWY:_gluconeogenesis_I,PWY-5484:_glycolysis_II_(from_fructose_6-phosphate),1
GLUCONEO-PWY:_gluconeogenesis_I,PWY-5667:_CDP-diacylglycerol_biosynthesis_I,1
GLUCONEO-PWY:_gluconeogenesis_I,PWY-6123:_inosine-5'-phosphate_biosynthesis_I,1
GLUCONEO-PWY:_gluconeogenesis_I,PWY-6124:_inosine-5'-phosphate_biosynthesis_II,1
GLUCONEO-PWY:_gluconeogenesis_I,PWY-7208:_superpathway_of_pyrimidine_nucleobases_salvage,1
GLUCONEO-PWY:_gluconeogenesis_I,PWY-7234:_inosine-5'-phosphate_biosynthesis_III,1
GLUCONEO-PWY:_gluconeogenesis_I,PWY-7237:_myo-,_chiro-_and_scyllo-inositol_degradation,1
GLUCONEO-PWY:_gluconeogenesis_I,PWY-724:_superpathway_of_L-lysine,_L-threonine_and_L-methionine_biosynthesis_II,1
GLUCONEO-PWY:_gluconeogenesis_I,PWY-7663:_gondoate_biosynthesis_(anaerobic),1
GLUCONEO-PWY:_gluconeogenesis_I,PWY-8178:_pentose_phosphate_pathway_(non-oxidative_branch)_II,1
GLUCONEO-PWY:_gluconeogenesis_I,PWY0-1241:_ADP-L-glycero-&beta;-D-manno-heptose_biosynthesis,1
GLUCONEO-PWY:_gluconeogenesis_I,PWY0-1319:_CDP-diacylglycerol_biosynthesis_II,1
GLUCONEO-PWY:_gluconeogenesis_I,PWY0-1586:_peptidoglycan_maturation_(meso-diaminopimelate_containing),1
GLUCONEO-PWY:_gluconeogenesis_I,PWY0-862:_(5Z)-dodecenoate_biosynthesis_I,1
GLUCONEO-PWY:_gluconeogenesis_I,PWY4FS-7:_phosphatidylglycerol_biosynthesis_I_(plastidic),1
GLUCONEO-PWY:_gluconeogenesis_I,PWY4FS-8:_phosphatidylglycerol_biosynthesis_II_(non-plastidic),1
GLUCONEO-PWY:_gluconeogenesis_I,PWY66-429:_fatty_acid_biosynthesis_initiation_(mitochondria),1
GLUCONEO-PWY:_gluconeogenesis_I,SER-GLYSYN-PWY:_superpathway_of_L-serine_and_glycine_biosynthesis_I,1
GLUCONEO-PWY:_gluconeogenesis_I,THRESYN-PWY:_superpathway_of_L-threonine_biosynthesis,1
GLUCONEO-PWY:_gluconeogenesis_I,UDPNAGSYN-PWY:_UDP-N-acetyl-D-glucosamine_biosynthesis_I,1
GLUCONEO-PWY:_gluconeogenesis_I,VALSYN-PWY:_L-valine_biosynthesis,1
GLYCOLYSIS:_glycolysis_I_(from_glucose_6-phosphate),HEMESYN2-PWY:_heme_b_biosynthesis_II_(oxygen-independent),1
GLYCOLYSIS:_glycolysis_I_(from_glucose_6-phosphate),ILEUSYN-PWY:_L-isoleucine_biosynthesis_I_(from_threonine),1
GLYCOLYSIS:_glycolysis_I_(from_glucose_6-phosphate),NONOXIPENT-PWY:_pentose_phosphate_pathway_(non-oxidative_branch)_I,1
GLYCOLYSIS:_glycolysis_I_(from_glucose_6-phosphate),PENTOSE-P-PWY:_pentose_phosphate_pathway,1
GLYCOLYSIS:_glycolysis_I_(from_glucose_6-phosphate),PHOSLIPSYN-PWY:_superpathway_of_phospholipid_biosynthesis_I_(bacteria),1
GLYCOLYSIS:_glycolysis_I_(from_glucose_6-phosphate),PWY-1042:_glycolysis_IV,1
GLYCOLYSIS:_glycolysis_I_(from_glucose_6-phosphate),PWY-1269:_CMP-3-deoxy-D-manno-octulosonate_biosynthesis,1
GLYCOLYSIS:_glycolysis_I_(from_glucose_6-phosphate),PWY-2942:_L-lysine_biosynthesis_III,1
GLYCOLYSIS:_glycolysis_I_(from_glucose_6-phosphate),PWY-4041:_&gamma;-glutamyl_cycle,1
GLYCOLYSIS:_glycolysis_I_(from_glucose_6-phosphate),PWY-5097:_L-lysine_biosynthesis_VI,1
GLYCOLYSIS:_glycolysis_I_(from_glucose_6-phosphate),PWY-5103:_L-isoleucine_biosynthesis_III,1
GLYCOLYSIS:_glycolysis_I_(from_glucose_6-phosphate),PWY-5188:_tetrapyrrole_biosynthesis_I_(from_glutamate),1
GLYCOLYSIS:_glycolysis_I_(from_glucose_6-phosphate),PWY-5484:_glycolysis_II_(from_fructose_6-phosphate),1
GLYCOLYSIS:_glycolysis_I_(from_glucose_6-phosphate),PWY-5667:_CDP-diacylglycerol_biosynthesis_I,1
GLYCOLYSIS:_glycolysis_I_(from_glucose_6-phosphate),PWY-6123:_inosine-5'-phosphate_biosynthesis_I,1
GLYCOLYSIS:_glycolysis_I_(from_glucose_6-phosphate),PWY-6124:_inosine-5'-phosphate_biosynthesis_II,1
GLYCOLYSIS:_glycolysis_I_(from_glucose_6-phosphate),PWY-7208:_superpathway_of_pyrimidine_nucleobases_salvage,1
GLYCOLYSIS:_glycolysis_I_(from_glucose_6-phosphate),PWY-7234:_inosine-5'-phosphate_biosynthesis_III,1
GLYCOLYSIS:_glycolysis_I_(from_glucose_6-phosphate),PWY-7237:_myo-,_chiro-_and_scyllo-inositol_degradation,1
GLYCOLYSIS:_glycolysis_I_(from_glucose_6-phosphate),PWY-724:_superpathway_of_L-lysine,_L-threonine_and_L-methionine_biosynthesis_II,1
GLYCOLYSIS:_glycolysis_I_(from_glucose_6-phosphate),PWY-7663:_gondoate_biosynthesis_(anaerobic),1
GLYCOLYSIS:_glycolysis_I_(from_glucose_6-phosphate),PWY-8178:_pentose_phosphate_pathway_(non-oxidative_branch)_II,1
GLYCOLYSIS:_glycolysis_I_(from_glucose_6-phosphate),PWY0-1241:_ADP-L-glycero-&beta;-D-manno-heptose_biosynthesis,1
GLYCOLYSIS:_glycolysis_I_(from_glucose_6-phosphate),PWY0-1319:_CDP-diacylglycerol_biosynthesis_II,1
GLYCOLYSIS:_glycolysis_I_(from_glucose_6-phosphate),PWY0-1586:_peptidoglycan_maturation_(meso-diaminopimelate_containing),1
GLYCOLYSIS:_glycolysis_I_(from_glucose_6-phosphate),PWY0-862:_(5Z)-dodecenoate_biosynthesis_I,1
GLYCOLYSIS:_glycolysis_I_(from_glucose_6-phosphate),PWY4FS-7:_phosphatidylglycerol_biosynthesis_I_(plastidic),1
GLYCOLYSIS:_glycolysis_I_(from_glucose_6-phosphate),PWY4FS-8:_phosphatidylglycerol_biosynthesis_II_(non-plastidic),1
GLYCOLYSIS:_glycolysis_I_(from_glucose_6-phosphate),PWY66-429:_fatty_acid_biosynthesis_initiation_(mitochondria),1
GLYCOLYSIS:_glycolysis_I_(from_glucose_6-phosphate),SER-GLYSYN-PWY:_superpathway_of_L-serine_and_glycine_biosynthesis_I,1
GLYCOLYSIS:_glycolysis_I_(from_glucose_6-phosphate),THRESYN-PWY:_superpathway_of_L-threonine_biosynthesis,1
GLYCOLYSIS:_glycolysis_I_(from_glucose_6-phosphate),UDPNAGSYN-PWY:_UDP-N-acetyl-D-glucosamine_biosynthesis_I,1
GLYCOLYSIS:_glycolysis_I_(from_glucose_6-phosphate),VALSYN-PWY:_L-valine_biosynthesis,1
HEMESYN2-PWY:_heme_b_biosynthesis_II_(oxygen-independent),ILEUSYN-PWY:_L-isoleucine_biosynthesis_I_(from_threonine),1
HEMESYN2-PWY:_heme_b_biosynthesis_II_(oxygen-independent),NONOXIPENT-PWY:_pentose_phosphate_pathway_(non-oxidative_branch)_I,1
HEMESYN2-PWY:_heme_b_biosynthesis_II_(oxygen-independent),PENTOSE-P-PWY:_pentose_phosphate_pathway,1
HEMESYN2-PWY:_heme_b_biosynthesis_II_(oxygen-independent),PHOSLIPSYN-PWY:_superpathway_of_phospholipid_biosynthesis_I_(bacteria),1
HEMESYN2-PWY:_heme_b_biosynthesis_II_(oxygen-independent),PWY-1042:_glycolysis_IV,1
HEMESYN2-PWY:_heme_b_biosynthesis_II_(oxygen-independent),PWY-1269:_CMP-3-deoxy-D-manno-octulosonate_biosynthesis,1
HEMESYN2-PWY:_heme_b_biosynthesis_II_(oxygen-independent),PWY-2942:_L-lysine_biosynthesis_III,1
HEMESYN2-PWY:_heme_b_biosynthesis_II_(oxygen-independent),PWY-4041:_&gamma;-glutamyl_cycle,1
HEMESYN2-PWY:_heme_b_biosynthesis_II_(oxygen-independent),PWY-5097:_L-lysine_biosynthesis_VI,1
HEMESYN2-PWY:_heme_b_biosynthesis_II_(oxygen-independent),PWY-5103:_L-isoleucine_biosynthesis_III,1
HEMESYN2-PWY:_heme_b_biosynthesis_II_(oxygen-independent),PWY-5188:_tetrapyrrole_biosynthesis_I_(from_glutamate),1
HEMESYN2-PWY:_heme_b_biosynthesis_II_(oxygen-independent),PWY-5484:_glycolysis_II_(from_fructose_6-phosphate),1
HEMESYN2-PWY:_heme_b_biosynthesis_II_(oxygen-independent),PWY-5667:_CDP-diacylglycerol_biosynthesis_I,1
HEMESYN2-PWY:_heme_b_biosynthesis_II_(oxygen-independent),PWY-6123:_inosine-5'-phosphate_biosynthesis_I,1
HEMESYN2-PWY:_heme_b_biosynthesis_II_(oxygen-independent),PWY-6124:_inosine-5'-phosphate_biosynthesis_II,1
HEMESYN2-PWY:_heme_b_biosynthesis_II_(oxygen-independent),PWY-7208:_superpathway_of_pyrimidine_nucleobases_salvage,1
HEMESYN2-PWY:_heme_b_biosynthesis_II_(oxygen-independent),PWY-7234:_inosine-5'-phosphate_biosynthesis_III,1
HEMESYN2-PWY:_heme_b_biosynthesis_II_(oxygen-independent),PWY-7237:_myo-,_chiro-_and_scyllo-inositol_degradation,1
HEMESYN2-PWY:_heme_b_biosynthesis_II_(oxygen-independent),PWY-724:_superpathway_of_L-lysine,_L-threonine_and_L-methionine_biosynthesis_II,1
HEMESYN2-PWY:_heme_b_biosynthesis_II_(oxygen-independent),PWY-7663:_gondoate_biosynthesis_(anaerobic),1
HEMESYN2-PWY:_heme_b_biosynthesis_II_(oxygen-independent),PWY-8178:_pentose_phosphate_pathway_(non-oxidative_branch)_II,1
HEMESYN2-PWY:_heme_b_biosynthesis_II_(oxygen-independent),PWY0-1241:_ADP-L-glycero-&beta;-D-manno-heptose_biosynthesis,1
HEMESYN2-PWY:_heme_b_biosynthesis_II_(oxygen-independent),PWY0-1319:_CDP-diacylglycerol_biosynthesis_II,1
HEMESYN2-PWY:_heme_b_biosynthesis_II_(oxygen-independent),PWY0-1586:_peptidoglycan_maturation_(meso-diaminopimelate_containing),1
HEMESYN2-PWY:_heme_b_biosynthesis_II_(oxygen-independent),PWY0-862:_(5Z)-dodecenoate_biosynthesis_I,1
HEMESYN2-PWY:_heme_b_biosynthesis_II_(oxygen-independent),PWY4FS-7:_phosphatidylglycerol_biosynthesis_I_(plastidic),1
HEMESYN2-PWY:_heme_b_biosynthesis_II_(oxygen-independent),PWY4FS-8:_phosphatidylglycerol_biosynthesis_II_(non-plastidic),1
HEMESYN2-PWY:_heme_b_biosynthesis_II_(oxygen-independent),PWY66-429:_fatty_acid_biosynthesis_initiation_(mitochondria),1
HEMESYN2-PWY:_heme_b_biosynthesis_II_(oxygen-independent),SER-GLYSYN-PWY:_superpathway_of_L-serine_and_glycine_biosynthesis_I,1
HEMESYN2-PWY:_heme_b_biosynthesis_II_(oxygen-independent),THRESYN-PWY:_superpathway_of_L-threonine_biosynthesis,1
HEMESYN2-PWY:_heme_b_biosynthesis_II_(oxygen-independent),UDPNAGSYN-PWY:_UDP-N-acetyl-D-glucosamine_biosynthesis_I,1
HEMESYN2-PWY:_heme_b_biosynthesis_II_(oxygen-independent),VALSYN-PWY:_L-valine_biosynthesis,1
ILEUSYN-PWY:_L-isoleucine_biosynthesis_I_(from_threonine),NONOXIPENT-PWY:_pentose_phosphate_pathway_(non-oxidative_branch)_I,1
ILEUSYN-PWY:_L-isoleucine_biosynthesis_I_(from_threonine),PENTOSE-P-PWY:_pentose_phosphate_pathway,1
ILEUSYN-PWY:_L-isoleucine_biosynthesis_I_(from_threonine),PHOSLIPSYN-PWY:_superpathway_of_phospholipid_biosynthesis_I_(bacteria),1
ILEUSYN-PWY:_L-isoleucine_biosynthesis_I_(from_threonine),PWY-1042:_glycolysis_IV,1
ILEUSYN-PWY:_L-isoleucine_biosynthesis_I_(from_threonine),PWY-1269:_CMP-3-deoxy-D-manno-octulosonate_biosynthesis,1
ILEUSYN-PWY:_L-isoleucine_biosynthesis_I_(from_threonine),PWY-2942:_L-lysine_biosynthesis_III,1
ILEUSYN-PWY:_L-isoleucine_biosynthesis_I_(from_threonine),PWY-4041:_&gamma;-glutamyl_cycle,1
ILEUSYN-PWY:_L-isoleucine_biosynthesis_I_(from_threonine),PWY-5097:_L-lysine_biosynthesis_VI,1
ILEUSYN-PWY:_L-isoleucine_biosynthesis_I_(from_threonine),PWY-5103:_L-isoleucine_biosynthesis_III,1
ILEUSYN-PWY:_L-isoleucine_biosynthesis_I_(from_threonine),PWY-5188:_tetrapyrrole_biosynthesis_I_(from_glutamate),1
ILEUSYN-PWY:_L-isoleucine_biosynthesis_I_(from_threonine),PWY-5484:_glycolysis_II_(from_fructose_6-phosphate),1
ILEUSYN-PWY:_L-isoleucine_biosynthesis_I_(from_threonine),PWY-5667:_CDP-diacylglycerol_biosynthesis_I,1
ILEUSYN-PWY:_L-isoleucine_biosynthesis_I_(from_threonine),PWY-6123:_inosine-5'-phosphate_biosynthesis_I,1
ILEUSYN-PWY:_L-isoleucine_biosynthesis_I_(from_threonine),PWY-6124:_inosine-5'-phosphate_biosynthesis_II,1
ILEUSYN-PWY:_L-isoleucine_biosynthesis_I_(from_threonine),PWY-7208:_superpathway_of_pyrimidine_nucleobases_salvage,1
ILEUSYN-PWY:_L-isoleucine_biosynthesis_I_(from_threonine),PWY-7234:_inosine-5'-phosphate_biosynthesis_III,1
ILEUSYN-PWY:_L-isoleucine_biosynthesis_I_(from_threonine),PWY-7237:_myo-,_chiro-_and_scyllo-inositol_degradation,1
ILEUSYN-PWY:_L-isoleucine_biosynthesis_I_(from_threonine),PWY-724:_superpathway_of_L-lysine,_L-threonine_and_L-methionine_biosynthesis_II,1
ILEUSYN-PWY:_L-isoleucine_biosynthesis_I_(from_threonine),PWY-7663:_gondoate_biosynthesis_(anaerobic),1
ILEUSYN-PWY:_L-isoleucine_biosynthesis_I_(from_threonine),PWY-8178:_pentose_phosphate_pathway_(non-oxidative_branch)_II,1
ILEUSYN-PWY:_L-isoleucine_biosynthesis_I_(from_threonine),PWY0-1241:_ADP-L-glycero-&beta;-D-manno-heptose_biosynthesis,1
ILEUSYN-PWY:_L-isoleucine_biosynthesis_I_(from_threonine),PWY0-1319:_CDP-diacylglycerol_biosynthesis_II,1
ILEUSYN-PWY:_L-isoleucine_biosynthesis_I_(from_threonine),PWY0-1586:_peptidoglycan_maturation_(meso-diaminopimelate_containing),1
ILEUSYN-PWY:_L-isoleucine_biosynthesis_I_(from_threonine),PWY0-862:_(5Z)-dodecenoate_biosynthesis_I,1
ILEUSYN-PWY:_L-isoleucine_biosynthesis_I_(from_threonine),PWY4FS-7:_phosphatidylglycerol_biosynthesis_I_(plastidic),1
ILEUSYN-PWY:_L-isoleucine_biosynthesis_I_(from_threonine),PWY4FS-8:_phosphatidylglycerol_biosynthesis_II_(non-plastidic),1
ILEUSYN-PWY:_L-isoleucine_biosynthesis_I_(from_threonine),PWY66-429:_fatty_acid_biosynthesis_initiation_(mitochondria),1
ILEUSYN-PWY:_L-isoleucine_biosynthesis_I_(from_threonine),SER-GLYSYN-PWY:_superpathway_of_L-serine_and_glycine_biosynthesis_I,1
ILEUSYN-PWY:_L-isoleucine_biosynthesis_I_(from_threonine),THRESYN-PWY:_superpathway_of_L-threonine_biosynthesis,1
ILEUSYN-PWY:_L-isoleucine_biosynthesis_I_(from_threonine),UDPNAGSYN-PWY:_UDP-N-acetyl-D-glucosamine_biosynthesis_I,1
ILEUSYN-PWY:_L-isoleucine_biosynthesis_I_(from_threonine),VALSYN-PWY:_L-valine_biosynthesis,1
NONOXIPENT-PWY:_pentose_phosphate_pathway_(non-oxidative_branch)_I,PENTOSE-P-PWY:_pentose_phosphate_pathway,1
NONOXIPENT-PWY:_pentose_phosphate_pathway_(non-oxidative_branch)_I,PHOSLIPSYN-PWY:_superpathway_of_phospholipid_biosynthesis_I_(bacteria),1
NONOXIPENT-PWY:_pentose_phosphate_pathway_(non-oxidative_branch)_I,PWY-1042:_glycolysis_IV,1
NONOXIPENT-PWY:_pentose_phosphate_pathway_(non-oxidative_branch)_I,PWY-1269:_CMP-3-deoxy-D-manno-octulosonate_biosynthesis,1
NONOXIPENT-PWY:_pentose_phosphate_pathway_(non-oxidative_branch)_I,PWY-2942:_L-lysine_biosynthesis_III,1
NONOXIPENT-PWY:_pentose_phosphate_pathway_(non-oxidative_branch)_I,PWY-4041:_&gamma;-glutamyl_cycle,1
NONOXIPENT-PWY:_pentose_phosphate_pathway_(non-oxidative_branch)_I,PWY-5097:_L-lysine_biosynthesis_VI,1
NONOXIPENT-PWY:_pentose_phosphate_pathway_(non-oxidative_branch)_I,PWY-5103:_L-isoleucine_biosynthesis_III,1
NONOXIPENT-PWY:_pentose_phosphate_pathway_(non-oxidative_branch)_I,PWY-5188:_tetrapyrrole_biosynthesis_I_(from_glutamate),1
NONOXIPENT-PWY:_pentose_phosphate_pathway_(non-oxidative_branch)_I,PWY-5484:_glycolysis_II_(from_fructose_6-phosphate),1
NONOXIPENT-PWY:_pentose_phosphate_pathway_(non-oxidative_branch)_I,PWY-5667:_CDP-diacylglycerol_biosynthesis_I,1
NONOXIPENT-PWY:_pentose_phosphate_pathway_(non-oxidative_branch)_I,PWY-6123:_inosine-5'-phosphate_biosynthesis_I,1
NONOXIPENT-PWY:_pentose_phosphate_pathway_(non-oxidative_branch)_I,PWY-6124:_inosine-5'-phosphate_biosynthesis_II,1
NONOXIPENT-PWY:_pentose_phosphate_pathway_(non-oxidative_branch)_I,PWY-7208:_superpathway_of_pyrimidine_nucleobases_salvage,1
NONOXIPENT-PWY:_pentose_phosphate_pathway_(non-oxidative_branch)_I,PWY-7234:_inosine-5'-phosphate_biosynthesis_III,1
NONOXIPENT-PWY:_pentose_phosphate_pathway_(non-oxidative_branch)_I,PWY-7237:_myo-,_chiro-_and_scyllo-inositol_degradation,1
NONOXIPENT-PWY:_pentose_phosphate_pathway_(non-oxidative_branch)_I,PWY-724:_superpathway_of_L-lysine,_L-threonine_and_L-methionine_biosynthesis_II,1
NONOXIPENT-PWY:_pentose_phosphate_pathway_(non-oxidative_branch)_I,PWY-7663:_gondoate_biosynthesis_(anaerobic),1
NONOXIPENT-PWY:_pentose_phosphate_pathway_(non-oxidative_branch)_I,PWY-8178:_pentose_phosphate_pathway_(non-oxidative_branch)_II,1
NONOXIPENT-PWY:_pentose_phosphate_pathway_(non-oxidative_branch)_I,PWY0-1241:_ADP-L-glycero-&beta;-D-manno-heptose_biosynthesis,1
NONOXIPENT-PWY:_pentose_phosphate_pathway_(non-oxidative_branch)_I,PWY0-1319:_CDP-diacylglycerol_biosynthesis_II,1
NONOXIPENT-PWY:_pentose_phosphate_pathway_(non-oxidative_branch)_I,PWY0-1586:_peptidoglycan_maturation_(meso-diaminopimelate_containing),1
NONOXIPENT-PWY:_pentose_phosphate_pathway_(non-oxidative_branch)_I,PWY0-862:_(5Z)-dodecenoate_biosynthesis_I,1
NONOXIPENT-PWY:_pentose_phosphate_pathway_(non-oxidative_branch)_I,PWY4FS-7:_phosphatidylglycerol_biosynthesis_I_(plastidic),1
NONOXIPENT-PWY:_pentose_phosphate_pathway_(non-oxidative_branch)_I,PWY4FS-8:_phosphatidylglycerol_biosynthesis_II_(non-plastidic),1
NONOXIPENT-PWY:_pentose_phosphate_pathway_(non-oxidative_branch)_I,PWY66-429:_fatty_acid_biosynthesis_initiation_(mitochondria),1
NONOXIPENT-PWY:_pentose_phosphate_pathway_(non-oxidative_branch)_I,SER-GLYSYN-PWY:_superpathway_of_L-serine_and_glycine_biosynthesis_I,1
NONOXIPENT-PWY:_pentose_phosphate_pathway_(non-oxidative_branch)_I,THRESYN-PWY:_superpathway_of_L-threonine_biosynthesis,1
NONOXIPENT-PWY:_pentose_phosphate_pathway_(non-oxidative_branch)_I,UDPNAGSYN-PWY:_UDP-N-acetyl-D-glucosamine_biosynthesis_I,1
NONOXIPENT-PWY:_pentose_phosphate_pathway_(non-oxidative_branch)_I,VALSYN-PWY:_L-valine_biosynthesis,1
PENTOSE-P-PWY:_pentose_phosphate_pathway,PHOSLIPSYN-PWY:_superpathway_of_phospholipid_biosynthesis_I_(bacteria),1
PENTOSE-P-PWY:_pentose_phosphate_pathway,PWY-1042:_glycolysis_IV,1
PENTOSE-P-PWY:_pentose_phosphate_pathway,PWY-1269:_CMP-3-deoxy-D-manno-octulosonate_biosynthesis,1
PENTOSE-P-PWY:_pentose_phosphate_pathway,PWY-2942:_L-lysine_biosynthesis_III,1
PENTOSE-P-PWY:_pentose_phosphate_pathway,PWY-4041:_&gamma;-glutamyl_cycle,1
PENTOSE-P-PWY:_pentose_phosphate_pathway,PWY-5097:_L-lysine_biosynthesis_VI,1
PENTOSE-P-PWY:_pentose_phosphate_pathway,PWY-5103:_L-isoleucine_biosynthesis_III,1
PENTOSE-P-PWY:_pentose_phosphate_pathway,PWY-5188:_tetrapyrrole_biosynthesis_I_(from_glutamate),1
PENTOSE-P-PWY:_pentose_phosphate_pathway,PWY-5484:_glycolysis_II_(from_fructose_6-phosphate),1
PENTOSE-P-PWY:_pentose_phosphate_pathway,PWY-5667:_CDP-diacylglycerol_biosynthesis_I,1
PENTOSE-P-PWY:_pentose_phosphate_pathway,PWY-6123:_inosine-5'-phosphate_biosynthesis_I,1
PENTOSE-P-PWY:_pentose_phosphate_pathway,PWY-6124:_inosine-5'-phosphate_biosynthesis_II,1
PENTOSE-P-PWY:_pentose_phosphate_pathway,PWY-7208:_superpathway_of_pyrimidine_nucleobases_salvage,1
PENTOSE-P-PWY:_pentose_phosphate_pathway,PWY-7234:_inosine-5'-phosphate_biosynthesis_III,1
PENTOSE-P-PWY:_pentose_phosphate_pathway,PWY-7237:_myo-,_chiro-_and_scyllo-inositol_degradation,1
PENTOSE-P-PWY:_pentose_phosphate_pathway,PWY-724:_superpathway_of_L-lysine,_L-threonine_and_L-methionine_biosynthesis_II,1
PENTOSE-P-PWY:_pentose_phosphate_pathway,PWY-7663:_gondoate_biosynthesis_(anaerobic),1
PENTOSE-P-PWY:_pentose_phosphate_pathway,PWY-8178:_pentose_phosphate_pathway_(non-oxidative_branch)_II,1
PENTOSE-P-PWY:_pentose_phosphate_pathway,PWY0-1241:_ADP-L-glycero-&beta;-D-manno-heptose_biosynthesis,1
PENTOSE-P-PWY:_pentose_phosphate_pathway,PWY0-1319:_CDP-diacylglycerol_biosynthesis_II,1
PENTOSE-P-PWY:_pentose_phosphate_pathway,PWY0-1586:_peptidoglycan_maturation_(meso-diaminopimelate_containing),1
PENTOSE-P-PWY:_pentose_phosphate_pathway,PWY0-862:_(5Z)-dodecenoate_biosynthesis_I,1
PENTOSE-P-PWY:_pentose_phosphate_pathway,PWY4FS-7:_phosphatidylglycerol_biosynthesis_I_(plastidic),1
PENTOSE-P-PWY:_pentose_phosphate_pathway,PWY4FS-8:_phosphatidylglycerol_biosynthesis_II_(non-plastidic),1
PENTOSE-P-PWY:_pentose_phosphate_pathway,PWY66-429:_fatty_acid_biosynthesis_initiation_(mitochondria),1
PENTOSE-P-PWY:_pentose_phosphate_pathway,SER-GLYSYN-PWY:_superpathway_of_L-serine_and_glycine_biosynthesis_I,1
PENTOSE-P-PWY:_pentose_phosphate_pathway,THRESYN-PWY:_superpathway_of_L-threonine_biosynthesis,1
PENTOSE-P-PWY:_pentose_phosphate_pathway,UDPNAGSYN-PWY:_UDP-N-acetyl-D-glucosamine_biosynthesis_I,1
PENTOSE-P-PWY:_pentose_phosphate_pathway,VALSYN-PWY:_L-valine_biosynthesis,1
PHOSLIPSYN-PWY:_superpathway_of_phospholipid_biosynthesis_I_(bacteria),PWY-1042:_glycolysis_IV,1
PHOSLIPSYN-PWY:_superpathway_of_phospholipid_biosynthesis_I_(bacteria),PWY-1269:_CMP-3-deoxy-D-manno-octulosonate_biosynthesis,1
PHOSLIPSYN-PWY:_superpathway_of_phospholipid_biosynthesis_I_(bacteria),PWY-2942:_L-lysine_biosynthesis_III,1
PHOSLIPSYN-PWY:_superpathway_of_phospholipid_biosynthesis_I_(bacteria),PWY-4041:_&gamma;-glutamyl_cycle,1
PHOSLIPSYN-PWY:_superpathway_of_phospholipid_biosynthesis_I_(bacteria),PWY-5097:_L-lysine_biosynthesis_VI,1
PHOSLIPSYN-PWY:_superpathway_of_phospholipid_biosynthesis_I_(bacteria),PWY-5103:_L-isoleucine_biosynthesis_III,1
PHOSLIPSYN-PWY:_superpathway_of_phospholipid_biosynthesis_I_(bacteria),PWY-5188:_tetrapyrrole_biosynthesis_I_(from_glutamate),1
PHOSLIPSYN-PWY:_superpathway_of_phospholipid_biosynthesis_I_(bacteria),PWY-5484:_glycolysis_II_(from_fructose_6-phosphate),1
PHOSLIPSYN-PWY:_superpathway_of_phospholipid_biosynthesis_I_(bacteria),PWY-5667:_CDP-diacylglycerol_biosynthesis_I,1
PHOSLIPSYN-PWY:_superpathway_of_phospholipid_biosynthesis_I_(bacteria),PWY-6123:_inosine-5'-phosphate_biosynthesis_I,1
PHOSLIPSYN-PWY:_superpathway_of_phospholipid_biosynthesis_I_(bacteria),PWY-6124:_inosine-5'-phosphate_biosynthesis_II,1
PHOSLIPSYN-PWY:_superpathway_of_phospholipid_biosynthesis_I_(bacteria),PWY-7208:_superpathway_of_pyrimidine_nucleobases_salvage,1
PHOSLIPSYN-PWY:_superpathway_of_phospholipid_biosynthesis_I_(bacteria),PWY-7234:_inosine-5'-phosphate_biosynthesis_III,1
PHOSLIPSYN-PWY:_superpathway_of_phospholipid_biosynthesis_I_(bacteria),PWY-7237:_myo-,_chiro-_and_scyllo-inositol_degradation,1
PHOSLIPSYN-PWY:_superpathway_of_phospholipid_biosynthesis_I_(bacteria),PWY-724:_superpathway_of_L-lysine,_L-threonine_and_L-methionine_biosynthesis_II,1
PHOSLIPSYN-PWY:_superpathway_of_phospholipid_biosynthesis_I_(bacteria),PWY-7663:_gondoate_biosynthesis_(anaerobic),1
PHOSLIPSYN-PWY:_superpathway_of_phospholipid_biosynthesis_I_(bacteria),PWY-8178:_pentose_phosphate_pathway_(non-oxidative_branch)_II,1
PHOSLIPSYN-PWY:_superpathway_of_phospholipid_biosynthesis_I_(bacteria),PWY0-1241:_ADP-L-glycero-&beta;-D-manno-heptose_biosynthesis,1
PHOSLIPSYN-PWY:_superpathway_of_phospholipid_biosynthesis_I_(bacteria),PWY0-1319:_CDP-diacylglycerol_biosynthesis_II,1
PHOSLIPSYN-PWY:_superpathway_of_phospholipid_biosynthesis_I_(bacteria),PWY0-1586:_peptidoglycan_maturation_(meso-diaminopimelate_containing),1
PHOSLIPSYN-PWY:_superpathway_of_phospholipid_biosynthesis_I_(bacteria),PWY0-862:_(5Z)-dodecenoate_biosynthesis_I,1
PHOSLIPSYN-PWY:_superpathway_of_phospholipid_biosynthesis_I_(bacteria),PWY4FS-7:_phosphatidylglycerol_biosynthesis_I_(plastidic),1
PHOSLIPSYN-PWY:_superpathway_of_phospholipid_biosynthesis_I_(bacteria),PWY4FS-8:_phosphatidylglycerol_biosynthesis_II_(non-plastidic),1
PHOSLIPSYN-PWY:_superpathway_of_phospholipid_biosynthesis_I_(bacteria),PWY66-429:_fatty_acid_biosynthesis_initiation_(mitochondria),1
PHOSLIPSYN-PWY:_superpathway_of_phospholipid_biosynthesis_I_(bacteria),SER-GLYSYN-PWY:_superpathway_of_L-serine_and_glycine_biosynthesis_I,1
PHOSLIPSYN-PWY:_superpathway_of_phospholipid_biosynthesis_I_(bacteria),THRESYN-PWY:_superpathway_of_L-threonine_biosynthesis,1
PHOSLIPSYN-PWY:_superpathway_of_phospholipid_biosynthesis_I_(bacteria),UDPNAGSYN-PWY:_UDP-N-acetyl-D-glucosamine_biosynthesis_I,1
PHOSLIPSYN-PWY:_superpathway_of_phospholipid_biosynthesis_I_(bacteria),VALSYN-PWY:_L-valine_biosynthesis,1
PWY-1042:_glycolysis_IV,PWY-1269:_CMP-3-deoxy-D-manno-octulosonate_biosynthesis,1
PWY-1042:_glycolysis_IV,PWY-2942:_L-lysine_biosynthesis_III,1
PWY-1042:_glycolysis_IV,PWY-4041:_&gamma;-glutamyl_cycle,1
PWY-1042:_glycolysis_IV,PWY-5097:_L-lysine_biosynthesis_VI,1
PWY-1042:_glycolysis_IV,PWY-5103:_L-isoleucine_biosynthesis_III,1
PWY-1042:_glycolysis_IV,PWY-5188:_tetrapyrrole_biosynthesis_I_(from_glutamate),1
PWY-1042:_glycolysis_IV,PWY-5484:_glycolysis_II_(from_fructose_6-phosphate),1
PWY-1042:_glycolysis_IV,PWY-5667:_CDP-diacylglycerol_biosynthesis_I,1
PWY-1042:_glycolysis_IV,PWY-6123:_inosine-5'-phosphate_biosynthesis_I,1
PWY-1042:_glycolysis_IV,PWY-6124:_inosine-5'-phosphate_biosynthesis_II,1
PWY-1042:_glycolysis_IV,PWY-7208:_superpathway_of_pyrimidine_nucleobases_salvage,1
PWY-1042:_glycolysis_IV,PWY-7234:_inosine-5'-phosphate_biosynthesis_III,1
PWY-1042:_glycolysis_IV,PWY-7237:_myo-,_chiro-_and_scyllo-inositol_degradation,1
PWY-1042:_glycolysis_IV,PWY-724:_superpathway_of_L-lysine,_L-threonine_and_L-methionine_biosynthesis_II,1
PWY-1042:_glycolysis_IV,PWY-7663:_gondoate_biosynthesis_(anaerobic),1
PWY-1042:_glycolysis_IV,PWY-8178:_pentose_phosphate_pathway_(non-oxidative_branch)_II,1
PWY-1042:_glycolysis_IV,PWY0-1241:_ADP-L-glycero-&beta;-D-manno-heptose_biosynthesis,1
PWY-1042:_glycolysis_IV,PWY0-1319:_CDP-diacylglycerol_biosynthesis_II,1
PWY-1042:_glycolysis_IV,PWY0-1586:_peptidoglycan_maturation_(meso-diaminopimelate_containing),1
PWY-1042:_glycolysis_IV,PWY0-862:_(5Z)-dodecenoate_biosynthesis_I,1
PWY-1042:_glycolysis_IV,PWY4FS-7:_phosphatidylglycerol_biosynthesis_I_(plastidic),1
PWY-1042:_glycolysis_IV,PWY4FS-8:_phosphatidylglycerol_biosynthesis_II_(non-plastidic),1
PWY-1042:_glycolysis_IV,PWY66-429:_fatty_acid_biosynthesis_initiation_(mitochondria),1
PWY-1042:_glycolysis_IV,SER-GLYSYN-PWY:_superpathway_of_L-serine_and_glycine_biosynthesis_I,1
PWY-1042:_glycolysis_IV,THRESYN-PWY:_superpathway_of_L-threonine_biosynthesis,1
PWY-1042:_glycolysis_IV,UDPNAGSYN-PWY:_UDP-N-acetyl-D-glucosamine_biosynthesis_I,1
PWY-1042:_glycolysis_IV,VALSYN-PWY:_L-valine_biosynthesis,1
PWY-1269:_CMP-3-deoxy-D-manno-octulosonate_biosynthesis,PWY-2942:_L-lysine_biosynthesis_III,1
PWY-1269:_CMP-3-deoxy-D-manno-octulosonate_biosynthesis,PWY-4041:_&gamma;-glutamyl_cycle,1
PWY-1269:_CMP-3-deoxy-D-manno-octulosonate_biosynthesis,PWY-5097:_L-lysine_biosynthesis_VI,1
PWY-1269:_CMP-3-deoxy-D-manno-octulosonate_biosynthesis,PWY-5103:_L-isoleucine_biosynthesis_III,1
PWY-1269:_CMP-3-deoxy-D-manno-octulosonate_biosynthesis,PWY-5188:_tetrapyrrole_biosynthesis_I_(from_glutamate),1
PWY-1269:_CMP-3-deoxy-D-manno-octulosonate_biosynthesis,PWY-5484:_glycolysis_II_(from_fructose_6-phosphate),1
PWY-1269:_CMP-3-deoxy-D-manno-octulosonate_biosynthesis,PWY-5667:_CDP-diacylglycerol_biosynthesis_I,1
PWY-1269:_CMP-3-deoxy-D-manno-octulosonate_biosynthesis,PWY-6123:_inosine-5'-phosphate_biosynthesis_I,1
PWY-1269:_CMP-3-deoxy-D-manno-octulosonate_biosynthesis,PWY-6124:_inosine-5'-phosphate_biosynthesis_II,1
PWY-1269:_CMP-3-deoxy-D-manno-octulosonate_biosynthesis,PWY-7208:_superpathway_of_pyrimidine_nucleobases_salvage,1
PWY-1269:_CMP-3-deoxy-D-manno-octulosonate_biosynthesis,PWY-7234:_inosine-5'-phosphate_biosynthesis_III,1
PWY-1269:_CMP-3-deoxy-D-manno-octulosonate_biosynthesis,PWY-7237:_myo-,_chiro-_and_scyllo-inositol_degradation,1
PWY-1269:_CMP-3-deoxy-D-manno-octulosonate_biosynthesis,PWY-724:_superpathway_of_L-lysine,_L-threonine_and_L-methionine_biosynthesis_II,1
PWY-1269:_CMP-3-deoxy-D-manno-octulosonate_biosynthesis,PWY-7663:_gondoate_biosynthesis_(anaerobic),1
PWY-1269:_CMP-3-deoxy-D-manno-octulosonate_biosynthesis,PWY-8178:_pentose_phosphate_pathway_(non-oxidative_branch)_II,1
PWY-1269:_CMP-3-deoxy-D-manno-octulosonate_biosynthesis,PWY0-1241:_ADP-L-glycero-&beta;-D-manno-heptose_biosynthesis,1
PWY-1269:_CMP-3-deoxy-D-manno-octulosonate_biosynthesis,PWY0-1319:_CDP-diacylglycerol_biosynthesis_II,1
PWY-1269:_CMP-3-deoxy-D-manno-octulosonate_biosynthesis,PWY0-1586:_peptidoglycan_maturation_(meso-diaminopimelate_containing),1
PWY-1269:_CMP-3-deoxy-D-manno-octulosonate_biosynthesis,PWY0-862:_(5Z)-dodecenoate_biosynthesis_I,1
PWY-1269:_CMP-3-deoxy-D-manno-octulosonate_biosynthesis,PWY4FS-7:_phosphatidylglycerol_biosynthesis_I_(plastidic),1
PWY-1269:_CMP-3-deoxy-D-manno-octulosonate_biosynthesis,PWY4FS-8:_phosphatidylglycerol_biosynthesis_II_(non-plastidic),1
PWY-1269:_CMP-3-deoxy-D-manno-octulosonate_biosynthesis,PWY66-429:_fatty_acid_biosynthesis_initiation_(mitochondria),1
PWY-1269:_CMP-3-deoxy-D-manno-octulosonate_biosynthesis,SER-GLYSYN-PWY:_superpathway_of_L-serine_and_glycine_biosynthesis_I,1
PWY-1269:_CMP-3-deoxy-D-manno-octulosonate_biosynthesis,THRESYN-PWY:_superpathway_of_L-threonine_biosynthesis,1
PWY-1269:_CMP-3-deoxy-D-manno-octulosonate_biosynthesis,UDPNAGSYN-PWY:_UDP-N-acetyl-D-glucosamine_biosynthesis_I,1
PWY-1269:_CMP-3-deoxy-D-manno-octulosonate_biosynthesis,VALSYN-PWY:_L-valine_biosynthesis,1
PWY-2942:_L-lysine_biosynthesis_III,PWY-4041:_&gamma;-glutamyl_cycle,1
PWY-2942:_L-lysine_biosynthesis_III,PWY-5097:_L-lysine_biosynthesis_VI,1
PWY-2942:_L-lysine_biosynthesis_III,PWY-5103:_L-isoleucine_biosynthesis_III,1
PWY-2942:_L-lysine_biosynthesis_III,PWY-5188:_tetrapyrrole_biosynthesis_I_(from_glutamate),1
PWY-2942:_L-lysine_biosynthesis_III,PWY-5484:_glycolysis_II_(from_fructose_6-phosphate),1
PWY-2942:_L-lysine_biosynthesis_III,PWY-5667:_CDP-diacylglycerol_biosynthesis_I,1
PWY-2942:_L-lysine_biosynthesis_III,PWY-6123:_inosine-5'-phosphate_biosynthesis_I,1
PWY-2942:_L-lysine_biosynthesis_III,PWY-6124:_inosine-5'-phosphate_biosynthesis_II,1
PWY-2942:_L-lysine_biosynthesis_III,PWY-7208:_superpathway_of_pyrimidine_nucleobases_salvage,1
PWY-2942:_L-lysine_biosynthesis_III,PWY-7234:_inosine-5'-phosphate_biosynthesis_III,1
PWY-2942:_L-lysine_biosynthesis_III,PWY-7237:_myo-,_chiro-_and_scyllo-inositol_degradation,1
PWY-2942:_L-lysine_biosynthesis_III,PWY-724:_superpathway_of_L-lysine,_L-threonine_and_L-methionine_biosynthesis_II,1
PWY-2942:_L-lysine_biosynthesis_III,PWY-7663:_gondoate_biosynthesis_(anaerobic),1
PWY-2942:_L-lysine_biosynthesis_III,PWY-8178:_pentose_phosphate_pathway_(non-oxidative_branch)_II,1
PWY-2942:_L-lysine_biosynthesis_III,PWY0-1241:_ADP-L-glycero-&beta;-D-manno-heptose_biosynthesis,1
PWY-2942:_L-lysine_biosynthesis_III,PWY0-1319:_CDP-diacylglycerol_biosynthesis_II,1
PWY-2942:_L-lysine_biosynthesis_III,PWY0-1586:_peptidoglycan_maturation_(meso-diaminopimelate_containing),1
PWY-2942:_L-lysine_biosynthesis_III,PWY0-862:_(5Z)-dodecenoate_biosynthesis_I,1
PWY-2942:_L-lysine_biosynthesis_III,PWY4FS-7:_phosphatidylglycerol_biosynthesis_I_(plastidic),1
PWY-2942:_L-lysine_biosynthesis_III,PWY4FS-8:_phosphatidylglycerol_biosynthesis_II_(non-plastidic),1
PWY-2942:_L-lysine_biosynthesis_III,PWY66-429:_fatty_acid_biosynthesis_initiation_(mitochondria),1
PWY-2942:_L-lysine_biosynthesis_III,SER-GLYSYN-PWY:_superpathway_of_L-serine_and_glycine_biosynthesis_I,1
PWY-2942:_L-lysine_biosynthesis_III,THRESYN-PWY:_superpathway_of_L-threonine_biosynthesis,1
PWY-2942:_L-lysine_biosynthesis_III,UDPNAGSYN-PWY:_UDP-N-acetyl-D-glucosamine_biosynthesis_I,1
PWY-2942:_L-lysine_biosynthesis_III,VALSYN-PWY:_L-valine_biosynthesis,1
PWY-4041:_&gamma;-glutamyl_cycle,PWY-5097:_L-lysine_biosynthesis_VI,1
PWY-4041:_&gamma;-glutamyl_cycle,PWY-5103:_L-isoleucine_biosynthesis_III,1
PWY-4041:_&gamma;-glutamyl_cycle,PWY-5188:_tetrapyrrole_biosynthesis_I_(from_glutamate),1
PWY-4041:_&gamma;-glutamyl_cycle,PWY-5484:_glycolysis_II_(from_fructose_6-phosphate),1
PWY-4041:_&gamma;-glutamyl_cycle,PWY-5667:_CDP-diacylglycerol_biosynthesis_I,1
PWY-4041:_&gamma;-glutamyl_cycle,PWY-6123:_inosine-5'-phosphate_biosynthesis_I,1
PWY-4041:_&gamma;-glutamyl_cycle,PWY-6124:_inosine-5'-phosphate_biosynthesis_II,1
PWY-4041:_&gamma;-glutamyl_cycle,PWY-7208:_superpathway_of_pyrimidine_nucleobases_salvage,1
PWY-4041:_&gamma;-glutamyl_cycle,PWY-7234:_inosine-5'-phosphate_biosynthesis_III,1
PWY-4041:_&gamma;-glutamyl_cycle,PWY-7237:_myo-,_chiro-_and_scyllo-inositol_degradation,1
PWY-4041:_&gamma;-glutamyl_cycle,PWY-724:_superpathway_of_L-lysine,_L-threonine_and_L-methionine_biosynthesis_II,1
PWY-4041:_&gamma;-glutamyl_cycle,PWY-7663:_gondoate_biosynthesis_(anaerobic),1
PWY-4041:_&gamma;-glutamyl_cycle,PWY-8178:_pentose_phosphate_pathway_(non-oxidative_branch)_II,1
PWY-4041:_&gamma;-glutamyl_cycle,PWY0-1241:_ADP-L-glycero-&beta;-D-manno-heptose_biosynthesis,1
PWY-4041:_&gamma;-glutamyl_cycle,PWY0-1319:_CDP-diacylglycerol_biosynthesis_II,1
PWY-4041:_&gamma;-glutamyl_cycle,PWY0-1586:_peptidoglycan_maturation_(meso-diaminopimelate_containing),1
PWY-4041:_&gamma;-glutamyl_cycle,PWY0-862:_(5Z)-dodecenoate_biosynthesis_I,1
PWY-4041:_&gamma;-glutamyl_cycle,PWY4FS-7:_phosphatidylglycerol_biosynthesis_I_(plastidic),1
PWY-4041:_&gamma;-glutamyl_cycle,PWY4FS-8:_phosphatidylglycerol_biosynthesis_II_(non-plastidic),1
PWY-4041:_&gamma;-glutamyl_cycle,PWY66-429:_fatty_acid_biosynthesis_initiation_(mitochondria),1
PWY-4041:_&gamma;-glutamyl_cycle,SER-GLYSYN-PWY:_superpathway_of_L-serine_and_glycine_biosynthesis_I,1
PWY-4041:_&gamma;-glutamyl_cycle,THRESYN-PWY:_superpathway_of_L-threonine_biosynthesis,1
PWY-4041:_&gamma;-glutamyl_cycle,UDPNAGSYN-PWY:_UDP-N-acetyl-D-glucosamine_biosynthesis_I,1
PWY-4041:_&gamma;-glutamyl_cycle,VALSYN-PWY:_L-valine_biosynthesis,1
PWY-5097:_L-lysine_biosynthesis_VI,PWY-5103:_L-isoleucine_biosynthesis_III,1
PWY-5097:_L-lysine_biosynthesis_VI,PWY-5188:_tetrapyrrole_biosynthesis_I_(from_glutamate),1
PWY-5097:_L-lysine_biosynthesis_VI,PWY-5484:_glycolysis_II_(from_fructose_6-phosphate),1
PWY-5097:_L-lysine_biosynthesis_VI,PWY-5667:_CDP-diacylglycerol_biosynthesis_I,1
PWY-5097:_L-lysine_biosynthesis_VI,PWY-6123:_inosine-5'-phosphate_biosynthesis_I,1
PWY-5097:_L-lysine_biosynthesis_VI,PWY-6124:_inosine-5'-phosphate_biosynthesis_II,1
PWY-5097:_L-lysine_biosynthesis_VI,PWY-7208:_superpathway_of_pyrimidine_nucleobases_salvage,1
PWY-5097:_L-lysine_biosynthesis_VI,PWY-7234:_inosine-5'-phosphate_biosynthesis_III,1
PWY-5097:_L-lysine_biosynthesis_VI,PWY-7237:_myo-,_chiro-_and_scyllo-inositol_degradation,1
PWY-5097:_L-lysine_biosynthesis_VI,PWY-724:_superpathway_of_L-lysine,_L-threonine_and_L-methionine_biosynthesis_II,1
PWY-5097:_L-lysine_biosynthesis_VI,PWY-7663:_gondoate_biosynthesis_(anaerobic),1
PWY-5097:_L-lysine_biosynthesis_VI,PWY-8178:_pentose_phosphate_pathway_(non-oxidative_branch)_II,1
PWY-5097:_L-lysine_biosynthesis_VI,PWY0-1241:_ADP-L-glycero-&beta;-D-manno-heptose_biosynthesis,1
PWY-5097:_L-lysine_biosynthesis_VI,PWY0-1319:_CDP-diacylglycerol_biosynthesis_II,1
PWY-5097:_L-lysine_biosynthesis_VI,PWY0-1586:_peptidoglycan_maturation_(meso-diaminopimelate_containing),1
PWY-5097:_L-lysine_biosynthesis_VI,PWY0-862:_(5Z)-dodecenoate_biosynthesis_I,1
PWY-5097:_L-lysine_biosynthesis_VI,PWY4FS-7:_phosphatidylglycerol_biosynthesis_I_(plastidic),1
PWY-5097:_L-lysine_biosynthesis_VI,PWY4FS-8:_phosphatidylglycerol_biosynthesis_II_(non-plastidic),1
PWY-5097:_L-lysine_biosynthesis_VI,PWY66-429:_fatty_acid_biosynthesis_initiation_(mitochondria),1
PWY-5097:_L-lysine_biosynthesis_VI,SER-GLYSYN-PWY:_superpathway_of_L-serine_and_glycine_biosynthesis_I,1
PWY-5097:_L-lysine_biosynthesis_VI,THRESYN-PWY:_superpathway_of_L-threonine_biosynthesis,1
PWY-5097:_L-lysine_biosynthesis_VI,UDPNAGSYN-PWY:_UDP-N-acetyl-D-glucosamine_biosynthesis_I,1
PWY-5097:_L-lysine_biosynthesis_VI,VALSYN-PWY:_L-valine_biosynthesis,1
PWY-5103:_L-isoleucine_biosynthesis_III,PWY-5188:_tetrapyrrole_biosynthesis_I_(from_glutamate),1
PWY-5103:_L-isoleucine_biosynthesis_III,PWY-5484:_glycolysis_II_(from_fructose_6-phosphate),1
PWY-5103:_L-isoleucine_biosynthesis_III,PWY-5667:_CDP-diacylglycerol_biosynthesis_I,1
PWY-5103:_L-isoleucine_biosynthesis_III,PWY-6123:_inosine-5'-phosphate_biosynthesis_I,1
PWY-5103:_L-isoleucine_biosynthesis_III,PWY-6124:_inosine-5'-phosphate_biosynthesis_II,1
PWY-5103:_L-isoleucine_biosynthesis_III,PWY-7208:_superpathway_of_pyrimidine_nucleobases_salvage,1
PWY-5103:_L-isoleucine_biosynthesis_III,PWY-7234:_inosine-5'-phosphate_biosynthesis_III,1
PWY-5103:_L-isoleucine_biosynthesis_III,PWY-7237:_myo-,_chiro-_and_scyllo-inositol_degradation,1
PWY-5103:_L-isoleucine_biosynthesis_III,PWY-724:_superpathway_of_L-lysine,_L-threonine_and_L-methionine_biosynthesis_II,1
PWY-5103:_L-isoleucine_biosynthesis_III,PWY-7663:_gondoate_biosynthesis_(anaerobic),1
PWY-5103:_L-isoleucine_biosynthesis_III,PWY-8178:_pentose_phosphate_pathway_(non-oxidative_branch)_II,1
PWY-5103:_L-isoleucine_biosynthesis_III,PWY0-1241:_ADP-L-glycero-&beta;-D-manno-heptose_biosynthesis,1
PWY-5103:_L-isoleucine_biosynthesis_III,PWY0-1319:_CDP-diacylglycerol_biosynthesis_II,1
PWY-5103:_L-isoleucine_biosynthesis_III,PWY0-1586:_peptidoglycan_maturation_(meso-diaminopimelate_containing),1
PWY-5103:_L-isoleucine_biosynthesis_III,PWY0-862:_(5Z)-dodecenoate_biosynthesis_I,1
PWY-5103:_L-isoleucine_biosynthesis_III,PWY4FS-7:_phosphatidylglycerol_biosynthesis_I_(plastidic),1
PWY-5103:_L-isoleucine_biosynthesis_III,PWY4FS-8:_phosphatidylglycerol_biosynthesis_II_(non-plastidic),1
PWY-5103:_L-isoleucine_biosynthesis_III,PWY66-429:_fatty_acid_biosynthesis_initiation_(mitochondria),1
PWY-5103:_L-isoleucine_biosynthesis_III,SER-GLYSYN-PWY:_superpathway_of_L-serine_and_glycine_biosynthesis_I,1
PWY-5103:_L-isoleucine_biosynthesis_III,THRESYN-PWY:_superpathway_of_L-threonine_biosynthesis,1
PWY-5103:_L-isoleucine_biosynthesis_III,UDPNAGSYN-PWY:_UDP-N-acetyl-D-glucosamine_biosynthesis_I,1
PWY-5103:_L-isoleucine_biosynthesis_III,VALSYN-PWY:_L-valine_biosynthesis,1
PWY-5188:_tetrapyrrole_biosynthesis_I_(from_glutamate),PWY-5484:_glycolysis_II_(from_fructose_6-phosphate),1
PWY-5188:_tetrapyrrole_biosynthesis_I_(from_glutamate),PWY-5667:_CDP-diacylglycerol_biosynthesis_I,1
PWY-5188:_tetrapyrrole_biosynthesis_I_(from_glutamate),PWY-6123:_inosine-5'-phosphate_biosynthesis_I,1
PWY-5188:_tetrapyrrole_biosynthesis_I_(from_glutamate),PWY-6124:_inosine-5'-phosphate_biosynthesis_II,1
PWY-5188:_tetrapyrrole_biosynthesis_I_(from_glutamate),PWY-7208:_superpathway_of_pyrimidine_nucleobases_salvage,1
PWY-5188:_tetrapyrrole_biosynthesis_I_(from_glutamate),PWY-7234:_inosine-5'-phosphate_biosynthesis_III,1
PWY-5188:_tetrapyrrole_biosynthesis_I_(from_glutamate),PWY-7237:_myo-,_chiro-_and_scyllo-inositol_degradation,1
PWY-5188:_tetrapyrrole_biosynthesis_I_(from_glutamate),PWY-724:_superpathway_of_L-lysine,_L-threonine_and_L-methionine_biosynthesis_II,1
PWY-5188:_tetrapyrrole_biosynthesis_I_(from_glutamate),PWY-7663:_gondoate_biosynthesis_(anaerobic),1
PWY-5188:_tetrapyrrole_biosynthesis_I_(from_glutamate),PWY-8178:_pentose_phosphate_pathway_(non-oxidative_branch)_II,1
PWY-5188:_tetrapyrrole_biosynthesis_I_(from_glutamate),PWY0-1241:_ADP-L-glycero-&beta;-D-manno-heptose_biosynthesis,1
PWY-5188:_tetrapyrrole_biosynthesis_I_(from_glutamate),PWY0-1319:_CDP-diacylglycerol_biosynthesis_II,1
PWY-5188:_tetrapyrrole_biosynthesis_I_(from_glutamate),PWY0-1586:_peptidoglycan_maturation_(meso-diaminopimelate_containing),1
PWY-5188:_tetrapyrrole_biosynthesis_I_(from_glutamate),PWY0-862:_(5Z)-dodecenoate_biosynthesis_I,1
PWY-5188:_tetrapyrrole_biosynthesis_I_(from_glutamate),PWY4FS-7:_phosphatidylglycerol_biosynthesis_I_(plastidic),1
PWY-5188:_tetrapyrrole_biosynthesis_I_(from_glutamate),PWY4FS-8:_phosphatidylglycerol_biosynthesis_II_(non-plastidic),1
PWY-5188:_tetrapyrrole_biosynthesis_I_(from_glutamate),PWY66-429:_fatty_acid_biosynthesis_initiation_(mitochondria),1
PWY-5188:_tetrapyrrole_biosynthesis_I_(from_glutamate),SER-GLYSYN-PWY:_superpathway_of_L-serine_and_glycine_biosynthesis_I,1
PWY-5188:_tetrapyrrole_biosynthesis_I_(from_glutamate),THRESYN-PWY:_superpathway_of_L-threonine_biosynthesis,1
PWY-5188:_tetrapyrrole_biosynthesis_I_(from_glutamate),UDPNAGSYN-PWY:_UDP-N-acetyl-D-glucosamine_biosynthesis_I,1
PWY-5188:_tetrapyrrole_biosynthesis_I_(from_glutamate),VALSYN-PWY:_L-valine_biosynthesis,1
PWY-5484:_glycolysis_II_(from_fructose_6-phosphate),PWY-5667:_CDP-diacylglycerol_biosynthesis_I,1
PWY-5484:_glycolysis_II_(from_fructose_6-phosphate),PWY-6123:_inosine-5'-phosphate_biosynthesis_I,1
PWY-5484:_glycolysis_II_(from_fructose_6-phosphate),PWY-6124:_inosine-5'-phosphate_biosynthesis_II,1
PWY-5484:_glycolysis_II_(from_fructose_6-phosphate),PWY-7208:_superpathway_of_pyrimidine_nucleobases_salvage,1
PWY-5484:_glycolysis_II_(from_fructose_6-phosphate),PWY-7234:_inosine-5'-phosphate_biosynthesis_III,1
PWY-5484:_glycolysis_II_(from_fructose_6-phosphate),PWY-7237:_myo-,_chiro-_and_scyllo-inositol_degradation,1
PWY-5484:_glycolysis_II_(from_fructose_6-phosphate),PWY-724:_superpathway_of_L-lysine,_L-threonine_and_L-methionine_biosynthesis_II,1
PWY-5484:_glycolysis_II_(from_fructose_6-phosphate),PWY-7663:_gondoate_biosynthesis_(anaerobic),1
PWY-5484:_glycolysis_II_(from_fructose_6-phosphate),PWY-8178:_pentose_phosphate_pathway_(non-oxidative_branch)_II,1
PWY-5484:_glycolysis_II_(from_fructose_6-phosphate),PWY0-1241:_ADP-L-glycero-&beta;-D-manno-heptose_biosynthesis,1
PWY-5484:_glycolysis_II_(from_fructose_6-phosphate),PWY0-1319:_CDP-diacylglycerol_biosynthesis_II,1
PWY-5484:_glycolysis_II_(from_fructose_6-phosphate),PWY0-1586:_peptidoglycan_maturation_(meso-diaminopimelate_containing),1
PWY-5484:_glycolysis_II_(from_fructose_6-phosphate),PWY0-862:_(5Z)-dodecenoate_biosynthesis_I,1
PWY-5484:_glycolysis_II_(from_fructose_6-phosphate),PWY4FS-7:_phosphatidylglycerol_biosynthesis_I_(plastidic),1
PWY-5484:_glycolysis_II_(from_fructose_6-phosphate),PWY4FS-8:_phosphatidylglycerol_biosynthesis_II_(non-plastidic),1
PWY-5484:_glycolysis_II_(from_fructose_6-phosphate),PWY66-429:_fatty_acid_biosynthesis_initiation_(mitochondria),1
PWY-5484:_glycolysis_II_(from_fructose_6-phosphate),SER-GLYSYN-PWY:_superpathway_of_L-serine_and_glycine_biosynthesis_I,1
PWY-5484:_glycolysis_II_(from_fructose_6-phosphate),THRESYN-PWY:_superpathway_of_L-threonine_biosynthesis,1
PWY-5484:_glycolysis_II_(from_fructose_6-phosphate),UDPNAGSYN-PWY:_UDP-N-acetyl-D-glucosamine_biosynthesis_I,1
PWY-5484:_glycolysis_II_(from_fructose_6-phosphate),VALSYN-PWY:_L-valine_biosynthesis,1
PWY-5667:_CDP-diacylglycerol_biosynthesis_I,PWY-6123:_inosine-5'-phosphate_biosynthesis_I,1
PWY-5667:_CDP-diacylglycerol_biosynthesis_I,PWY-6124:_inosine-5'-phosphate_biosynthesis_II,1
PWY-5667:_CDP-diacylglycerol_biosynthesis_I,PWY-7208:_superpathway_of_pyrimidine_nucleobases_salvage,1
PWY-5667:_CDP-diacylglycerol_biosynthesis_I,PWY-7234:_inosine-5'-phosphate_biosynthesis_III,1
PWY-5667:_CDP-diacylglycerol_biosynthesis_I,PWY-7237:_myo-,_chiro-_and_scyllo-inositol_degradation,1
PWY-5667:_CDP-diacylglycerol_biosynthesis_I,PWY-724:_superpathway_of_L-lysine,_L-threonine_and_L-methionine_biosynthesis_II,1
PWY-5667:_CDP-diacylglycerol_biosynthesis_I,PWY-7663:_gondoate_biosynthesis_(anaerobic),1
PWY-5667:_CDP-diacylglycerol_biosynthesis_I,PWY-8178:_pentose_phosphate_pathway_(non-oxidative_branch)_II,1
PWY-5667:_CDP-diacylglycerol_biosynthesis_I,PWY0-1241:_ADP-L-glycero-&beta;-D-manno-heptose_biosynthesis,1
PWY-5667:_CDP-diacylglycerol_biosynthesis_I,PWY0-1319:_CDP-diacylglycerol_biosynthesis_II,1
PWY-5667:_CDP-diacylglycerol_biosynthesis_I,PWY0-1586:_peptidoglycan_maturation_(meso-diaminopimelate_containing),1
PWY-5667:_CDP-diacylglycerol_biosynthesis_I,PWY0-862:_(5Z)-dodecenoate_biosynthesis_I,1
PWY-5667:_CDP-diacylglycerol_biosynthesis_I,PWY4FS-7:_phosphatidylglycerol_biosynthesis_I_(plastidic),1
PWY-5667:_CDP-diacylglycerol_biosynthesis_I,PWY4FS-8:_phosphatidylglycerol_biosynthesis_II_(non-plastidic),1
PWY-5667:_CDP-diacylglycerol_biosynthesis_I,PWY66-429:_fatty_acid_biosynthesis_initiation_(mitochondria),1
PWY-5667:_CDP-diacylglycerol_biosynthesis_I,SER-GLYSYN-PWY:_superpathway_of_L-serine_and_glycine_biosynthesis_I,1
PWY-5667:_CDP-diacylglycerol_biosynthesis_I,THRESYN-PWY:_superpathway_of_L-threonine_biosynthesis,1
PWY-5667:_CDP-diacylglycerol_biosynthesis_I,UDPNAGSYN-PWY:_UDP-N-acetyl-D-glucosamine_biosynthesis_I,1
PWY-5667:_CDP-diacylglycerol_biosynthesis_I,VALSYN-PWY:_L-valine_biosynthesis,1
PWY-6123:_inosine-5'-phosphate_biosynthesis_I,PWY-6124:_inosine-5'-phosphate_biosynthesis_II,1
PWY-6123:_inosine-5'-phosphate_biosynthesis_I,PWY-7208:_superpathway_of_pyrimidine_nucleobases_salvage,1
PWY-6123:_inosine-5'-phosphate_biosynthesis_I,PWY-7234:_inosine-5'-phosphate_biosynthesis_III,1
PWY-6123:_inosine-5'-phosphate_biosynthesis_I,PWY-7237:_myo-,_chiro-_and_scyllo-inositol_degradation,1
PWY-6123:_inosine-5'-phosphate_biosynthesis_I,PWY-724:_superpathway_of_L-lysine,_L-threonine_and_L-methionine_biosynthesis_II,1
PWY-6123:_inosine-5'-phosphate_biosynthesis_I,PWY-7663:_gondoate_biosynthesis_(anaerobic),1
PWY-6123:_inosine-5'-phosphate_biosynthesis_I,PWY-8178:_pentose_phosphate_pathway_(non-oxidative_branch)_II,1
PWY-6123:_inosine-5'-phosphate_biosynthesis_I,PWY0-1241:_ADP-L-glycero-&beta;-D-manno-heptose_biosynthesis,1
PWY-6123:_inosine-5'-phosphate_biosynthesis_I,PWY0-1319:_CDP-diacylglycerol_biosynthesis_II,1
PWY-6123:_inosine-5'-phosphate_biosynthesis_I,PWY0-1586:_peptidoglycan_maturation_(meso-diaminopimelate_containing),1
PWY-6123:_inosine-5'-phosphate_biosynthesis_I,PWY0-862:_(5Z)-dodecenoate_biosynthesis_I,1
PWY-6123:_inosine-5'-phosphate_biosynthesis_I,PWY4FS-7:_phosphatidylglycerol_biosynthesis_I_(plastidic),1
PWY-6123:_inosine-5'-phosphate_biosynthesis_I,PWY4FS-8:_phosphatidylglycerol_biosynthesis_II_(non-plastidic),1
PWY-6123:_inosine-5'-phosphate_biosynthesis_I,PWY66-429:_fatty_acid_biosynthesis_initiation_(mitochondria),1
PWY-6123:_inosine-5'-phosphate_biosynthesis_I,SER-GLYSYN-PWY:_superpathway_of_L-serine_and_glycine_biosynthesis_I,1
PWY-6123:_inosine-5'-phosphate_biosynthesis_I,THRESYN-PWY:_superpathway_of_L-threonine_biosynthesis,1
PWY-6123:_inosine-5'-phosphate_biosynthesis_I,UDPNAGSYN-PWY:_UDP-N-acetyl-D-glucosamine_biosynthesis_I,1
PWY-6123:_inosine-5'-phosphate_biosynthesis_I,VALSYN-PWY:_L-valine_biosynthesis,1
PWY-6124:_inosine-5'-phosphate_biosynthesis_II,PWY-7208:_superpathway_of_pyrimidine_nucleobases_salvage,1
PWY-6124:_inosine-5'-phosphate_biosynthesis_II,PWY-7234:_inosine-5'-phosphate_biosynthesis_III,1
PWY-6124:_inosine-5'-phosphate_biosynthesis_II,PWY-7237:_myo-,_chiro-_and_scyllo-inositol_degradation,1
PWY-6124:_inosine-5'-phosphate_biosynthesis_II,PWY-724:_superpathway_of_L-lysine,_L-threonine_and_L-methionine_biosynthesis_II,1
PWY-6124:_inosine-5'-phosphate_biosynthesis_II,PWY-7663:_gondoate_biosynthesis_(anaerobic),1
PWY-6124:_inosine-5'-phosphate_biosynthesis_II,PWY-8178:_pentose_phosphate_pathway_(non-oxidative_branch)_II,1
PWY-6124:_inosine-5'-phosphate_biosynthesis_II,PWY0-1241:_ADP-L-glycero-&beta;-D-manno-heptose_biosynthesis,1
PWY-6124:_inosine-5'-phosphate_biosynthesis_II,PWY0-1319:_CDP-diacylglycerol_biosynthesis_II,1
PWY-6124:_inosine-5'-phosphate_biosynthesis_II,PWY0-1586:_peptidoglycan_maturation_(meso-diaminopimelate_containing),1
PWY-6124:_inosine-5'-phosphate_biosynthesis_II,PWY0-862:_(5Z)-dodecenoate_biosynthesis_I,1
PWY-6124:_inosine-5'-phosphate_biosynthesis_II,PWY4FS-7:_phosphatidylglycerol_biosynthesis_I_(plastidic),1
PWY-6124:_inosine-5'-phosphate_biosynthesis_II,PWY4FS-8:_phosphatidylglycerol_biosynthesis_II_(non-plastidic),1
PWY-6124:_inosine-5'-phosphate_biosynthesis_II,PWY66-429:_fatty_acid_biosynthesis_initiation_(mitochondria),1
PWY-6124:_inosine-5'-phosphate_biosynthesis_II,SER-GLYSYN-PWY:_superpathway_of_L-serine_and_glycine_biosynthesis_I,1
PWY-6124:_inosine-5'-phosphate_biosynthesis_II,THRESYN-PWY:_superpathway_of_L-threonine_biosynthesis,1
PWY-6124:_inosine-5'-phosphate_biosynthesis_II,UDPNAGSYN-PWY:_UDP-N-acetyl-D-glucosamine_biosynthesis_I,1
PWY-6124:_inosine-5'-phosphate_biosynthesis_II,VALSYN-PWY:_L-valine_biosynthesis,1
PWY-7208:_superpathway_of_pyrimidine_nucleobases_salvage,PWY-7234:_inosine-5'-phosphate_biosynthesis_III,1
PWY-7208:_superpathway_of_pyrimidine_nucleobases_salvage,PWY-7237:_myo-,_chiro-_and_scyllo-inositol_degradation,1
PWY-7208:_superpathway_of_pyrimidine_nucleobases_salvage,PWY-724:_superpathway_of_L-lysine,_L-threonine_and_L-methionine_biosynthesis_II,1
PWY-7208:_superpathway_of_pyrimidine_nucleobases_salvage,PWY-7663:_gondoate_biosynthesis_(anaerobic),1
PWY-7208:_superpathway_of_pyrimidine_nucleobases_salvage,PWY-8178:_pentose_phosphate_pathway_(non-oxidative_branch)_II,1
PWY-7208:_superpathway_of_pyrimidine_nucleobases_salvage,PWY0-1241:_ADP-L-glycero-&beta;-D-manno-heptose_biosynthesis,1
PWY-7208:_superpathway_of_pyrimidine_nucleobases_salvage,PWY0-1319:_CDP-diacylglycerol_biosynthesis_II,1
PWY-7208:_superpathway_of_pyrimidine_nucleobases_salvage,PWY0-1586:_peptidoglycan_maturation_(meso-diaminopimelate_containing),1
PWY-7208:_superpathway_of_pyrimidine_nucleobases_salvage,PWY0-862:_(5Z)-dodecenoate_biosynthesis_I,1
PWY-7208:_superpathway_of_pyrimidine_nucleobases_salvage,PWY4FS-7:_phosphatidylglycerol_biosynthesis_I_(plastidic),1
PWY-7208:_superpathway_of_pyrimidine_nucleobases_salvage,PWY4FS-8:_phosphatidylglycerol_biosynthesis_II_(non-plastidic),1
PWY-7208:_superpathway_of_pyrimidine_nucleobases_salvage,PWY66-429:_fatty_acid_biosynthesis_initiation_(mitochondria),1
PWY-7208:_superpathway_of_pyrimidine_nucleobases_salvage,SER-GLYSYN-PWY:_superpathway_of_L-serine_and_glycine_biosynthesis_I,1
PWY-7208:_superpathway_of_pyrimidine_nucleobases_salvage,THRESYN-PWY:_superpathway_of_L-threonine_biosynthesis,1
PWY-7208:_superpathway_of_pyrimidine_nucleobases_salvage,UDPNAGSYN-PWY:_UDP-N-acetyl-D-glucosamine_biosynthesis_I,1
PWY-7208:_superpathway_of_pyrimidine_nucleobases_salvage,VALSYN-PWY:_L-valine_biosynthesis,1
PWY-7234:_inosine-5'-phosphate_biosynthesis_III,PWY-7237:_myo-,_chiro-_and_scyllo-inositol_degradation,1
PWY-7234:_inosine-5'-phosphate_biosynthesis_III,PWY-724:_superpathway_of_L-lysine,_L-threonine_and_L-methionine_biosynthesis_II,1
PWY-7234:_inosine-5'-phosphate_biosynthesis_III,PWY-7663:_gondoate_biosynthesis_(anaerobic),1
PWY-7234:_inosine-5'-phosphate_biosynthesis_III,PWY-8178:_pentose_phosphate_pathway_(non-oxidative_branch)_II,1
PWY-7234:_inosine-5'-phosphate_biosynthesis_III,PWY0-1241:_ADP-L-glycero-&beta;-D-manno-heptose_biosynthesis,1
PWY-7234:_inosine-5'-phosphate_biosynthesis_III,PWY0-1319:_CDP-diacylglycerol_biosynthesis_II,1
PWY-7234:_inosine-5'-phosphate_biosynthesis_III,PWY0-1586:_peptidoglycan_maturation_(meso-diaminopimelate_containing),1
PWY-7234:_inosine-5'-phosphate_biosynthesis_III,PWY0-862:_(5Z)-dodecenoate_biosynthesis_I,1
PWY-7234:_inosine-5'-phosphate_biosynthesis_III,PWY4FS-7:_phosphatidylglycerol_biosynthesis_I_(plastidic),1
PWY-7234:_inosine-5'-phosphate_biosynthesis_III,PWY4FS-8:_phosphatidylglycerol_biosynthesis_II_(non-plastidic),1
PWY-7234:_inosine-5'-phosphate_biosynthesis_III,PWY66-429:_fatty_acid_biosynthesis_initiation_(mitochondria),1
PWY-7234:_inosine-5'-phosphate_biosynthesis_III,SER-GLYSYN-PWY:_superpathway_of_L-serine_and_glycine_biosynthesis_I,1
PWY-7234:_inosine-5'-phosphate_biosynthesis_III,THRESYN-PWY:_superpathway_of_L-threonine_biosynthesis,1
PWY-7234:_inosine-5'-phosphate_biosynthesis_III,UDPNAGSYN-PWY:_UDP-N-acetyl-D-glucosamine_biosynthesis_I,1
PWY-7234:_inosine-5'-phosphate_biosynthesis_III,VALSYN-PWY:_L-valine_biosynthesis,1
PWY-7237:_myo-,_chiro-_and_scyllo-inositol_degradation,PWY-724:_superpathway_of_L-lysine,_L-threonine_and_L-methionine_biosynthesis_II,1
PWY-7237:_myo-,_chiro-_and_scyllo-inositol_degradation,PWY-7663:_gondoate_biosynthesis_(anaerobic),1
PWY-7237:_myo-,_chiro-_and_scyllo-inositol_degradation,PWY-8178:_pentose_phosphate_pathway_(non-oxidative_branch)_II,1
PWY-7237:_myo-,_chiro-_and_scyllo-inositol_degradation,PWY0-1241:_ADP-L-glycero-&beta;-D-manno-heptose_biosynthesis,1
PWY-7237:_myo-,_chiro-_and_scyllo-inositol_degradation,PWY0-1319:_CDP-diacylglycerol_biosynthesis_II,1
PWY-7237:_myo-,_chiro-_and_scyllo-inositol_degradation,PWY0-1586:_peptidoglycan_maturation_(meso-diaminopimelate_containing),1
PWY-7237:_myo-,_chiro-_and_scyllo-inositol_degradation,PWY0-862:_(5Z)-dodecenoate_biosynthesis_I,1
PWY-7237:_myo-,_chiro-_and_scyllo-inositol_degradation,PWY4FS-7:_phosphatidylglycerol_biosynthesis_I_(plastidic),1
PWY-7237:_myo-,_chiro-_and_scyllo-inositol_degradation,PWY4FS-8:_phosphatidylglycerol_biosynthesis_II_(non-plastidic),1
PWY-7237:_myo-,_chiro-_and_scyllo-inositol_degradation,PWY66-429:_fatty_acid_biosynthesis_initiation_(mitochondria),1
PWY-7237:_myo-,_chiro-_and_scyllo-inositol_degradation,SER-GLYSYN-PWY:_superpathway_of_L-serine_and_glycine_biosynthesis_I,1
PWY-7237:_myo-,_chiro-_and_scyllo-inositol_degradation,THRESYN-PWY:_superpathway_of_L-threonine_biosynthesis,1
PWY-7237:_myo-,_chiro-_and_scyllo-inositol_degradation,UDPNAGSYN-PWY:_UDP-N-acetyl-D-glucosamine_biosynthesis_I,1
PWY-7237:_myo-,_chiro-_and_scyllo-inositol_degradation,VALSYN-PWY:_L-valine_biosynthesis,1
PWY-724:_superpathway_of_L-lysine,_L-threonine_and_L-methionine_biosynthesis_II,PWY-7663:_gondoate_biosynthesis_(anaerobic),1
PWY-724:_superpathway_of_L-lysine,_L-threonine_and_L-methionine_biosynthesis_II,PWY-8178:_pentose_phosphate_pathway_(non-oxidative_branch)_II,1
PWY-724:_superpathway_of_L-lysine,_L-threonine_and_L-methionine_biosynthesis_II,PWY0-1241:_ADP-L-glycero-&beta;-D-manno-heptose_biosynthesis,1
PWY-724:_superpathway_of_L-lysine,_L-threonine_and_L-methionine_biosynthesis_II,PWY0-1319:_CDP-diacylglycerol_biosynthesis_II,1
PWY-724:_superpathway_of_L-lysine,_L-threonine_and_L-methionine_biosynthesis_II,PWY0-1586:_peptidoglycan_maturation_(meso-diaminopimelate_containing),1
PWY-724:_superpathway_of_L-lysine,_L-threonine_and_L-methionine_biosynthesis_II,PWY0-862:_(5Z)-dodecenoate_biosynthesis_I,1
PWY-724:_superpathway_of_L-lysine,_L-threonine_and_L-methionine_biosynthesis_II,PWY4FS-7:_phosphatidylglycerol_biosynthesis_I_(plastidic),1
PWY-724:_superpathway_of_L-lysine,_L-threonine_and_L-methionine_biosynthesis_II,PWY4FS-8:_phosphatidylglycerol_biosynthesis_II_(non-plastidic),1
PWY-724:_superpathway_of_L-lysine,_L-threonine_and_L-methionine_biosynthesis_II,PWY66-429:_fatty_acid_biosynthesis_initiation_(mitochondria),1
PWY-724:_superpathway_of_L-lysine,_L-threonine_and_L-methionine_biosynthesis_II,SER-GLYSYN-PWY:_superpathway_of_L-serine_and_glycine_biosynthesis_I,1
PWY-724:_superpathway_of_L-lysine,_L-threonine_and_L-methionine_biosynthesis_II,THRESYN-PWY:_superpathway_of_L-threonine_biosynthesis,1
PWY-724:_superpathway_of_L-lysine,_L-threonine_and_L-methionine_biosynthesis_II,UDPNAGSYN-PWY:_UDP-N-acetyl-D-glucosamine_biosynthesis_I,1
PWY-724:_superpathway_of_L-lysine,_L-threonine_and_L-methionine_biosynthesis_II,VALSYN-PWY:_L-valine_biosynthesis,1
PWY-7663:_gondoate_biosynthesis_(anaerobic),PWY-8178:_pentose_phosphate_pathway_(non-oxidative_branch)_II,1
PWY-7663:_gondoate_biosynthesis_(anaerobic),PWY0-1241:_ADP-L-glycero-&beta;-D-manno-heptose_biosynthesis,1
PWY-7663:_gondoate_biosynthesis_(anaerobic),PWY0-1319:_CDP-diacylglycerol_biosynthesis_II,1
PWY-7663:_gondoate_biosynthesis_(anaerobic),PWY0-1586:_peptidoglycan_maturation_(meso-diaminopimelate_containing),1
PWY-7663:_gondoate_biosynthesis_(anaerobic),PWY0-862:_(5Z)-dodecenoate_biosynthesis_I,1
PWY-7663:_gondoate_biosynthesis_(anaerobic),PWY4FS-7:_phosphatidylglycerol_biosynthesis_I_(plastidic),1
PWY-7663:_gondoate_biosynthesis_(anaerobic),PWY4FS-8:_phosphatidylglycerol_biosynthesis_II_(non-plastidic),1
PWY-7663:_gondoate_biosynthesis_(anaerobic),PWY66-429:_fatty_acid_biosynthesis_initiation_(mitochondria),1
PWY-7663:_gondoate_biosynthesis_(anaerobic),SER-GLYSYN-PWY:_superpathway_of_L-serine_and_glycine_biosynthesis_I,1
PWY-7663:_gondoate_biosynthesis_(anaerobic),THRESYN-PWY:_superpathway_of_L-threonine_biosynthesis,1
PWY-7663:_gondoate_biosynthesis_(anaerobic),UDPNAGSYN-PWY:_UDP-N-acetyl-D-glucosamine_biosynthesis_I,1
PWY-7663:_gondoate_biosynthesis_(anaerobic),VALSYN-PWY:_L-valine_biosynthesis,1
PWY-8178:_pentose_phosphate_pathway_(non-oxidative_branch)_II,PWY0-1241:_ADP-L-glycero-&beta;-D-manno-heptose_biosynthesis,1
PWY-8178:_pentose_phosphate_pathway_(non-oxidative_branch)_II,PWY0-1319:_CDP-diacylglycerol_biosynthesis_II,1
PWY-8178:_pentose_phosphate_pathway_(non-oxidative_branch)_II,PWY0-1586:_peptidoglycan_maturation_(meso-diaminopimelate_containing),1
PWY-8178:_pentose_phosphate_pathway_(non-oxidative_branch)_II,PWY0-862:_(5Z)-dodecenoate_biosynthesis_I,1
PWY-8178:_pentose_phosphate_pathway_(non-oxidative_branch)_II,PWY4FS-7:_phosphatidylglycerol_biosynthesis_I_(plastidic),1
PWY-8178:_pentose_phosphate_pathway_(non-oxidative_branch)_II,PWY4FS-8:_phosphatidylglycerol_biosynthesis_II_(non-plastidic),1
PWY-8178:_pentose_phosphate_pathway_(non-oxidative_branch)_II,PWY66-429:_fatty_acid_biosynthesis_initiation_(mitochondria),1
PWY-8178:_pentose_phosphate_pathway_(non-oxidative_branch)_II,SER-GLYSYN-PWY:_superpathway_of_L-serine_and_glycine_biosynthesis_I,1
PWY-8178:_pentose_phosphate_pathway_(non-oxidative_branch)_II,THRESYN-PWY:_superpathway_of_L-threonine_biosynthesis,1
PWY-8178:_pentose_phosphate_pathway_(non-oxidative_branch)_II,UDPNAGSYN-PWY:_UDP-N-acetyl-D-glucosamine_biosynthesis_I,1
PWY-8178:_pentose_phosphate_pathway_(non-oxidative_branch)_II,VALSYN-PWY:_L-valine_biosynthesis,1
PWY0-1241:_ADP-L-glycero-&beta;-D-manno-heptose_biosynthesis,PWY0-1319:_CDP-diacylglycerol_biosynthesis_II,1
PWY0-1241:_ADP-L-glycero-&beta;-D-manno-heptose_biosynthesis,PWY0-1586:_peptidoglycan_maturation_(meso-diaminopimelate_containing),1
PWY0-1241:_ADP-L-glycero-&beta;-D-manno-heptose_biosynthesis,PWY0-862:_(5Z)-dodecenoate_biosynthesis_I,1
PWY0-1241:_ADP-L-glycero-&beta;-D-manno-heptose_biosynthesis,PWY4FS-7:_phosphatidylglycerol_biosynthesis_I_(plastidic),1
PWY0-1241:_ADP-L-glycero-&beta;-D-manno-heptose_biosynthesis,PWY4FS-8:_phosphatidylglycerol_biosynthesis_II_(non-plastidic),1
PWY0-1241:_ADP-L-glycero-&beta;-D-manno-heptose_biosynthesis,PWY66-429:_fatty_acid_biosynthesis_initiation_(mitochondria),1
PWY0-1241:_ADP-L-glycero-&beta;-D-manno-heptose_biosynthesis,SER-GLYSYN-PWY:_superpathway_of_L-serine_and_glycine_biosynthesis_I,1
PWY0-1241:_ADP-L-glycero-&beta;-D-manno-heptose_biosynthesis,THRESYN-PWY:_superpathway_of_L-threonine_biosynthesis,1
PWY0-1241:_ADP-L-glycero-&beta;-D-manno-heptose_biosynthesis,UDPNAGSYN-PWY:_UDP-N-acetyl-D-glucosamine_biosynthesis_I,1
PWY0-1241:_ADP-L-glycero-&beta;-D-manno-heptose_biosynthesis,VALSYN-PWY:_L-valine_biosynthesis,1
PWY0-1319:_CDP-diacylglycerol_biosynthesis_II,PWY0-1586:_peptidoglycan_maturation_(meso-diaminopimelate_containing),1
PWY0-1319:_CDP-diacylglycerol_biosynthesis_II,PWY0-862:_(5Z)-dodecenoate_biosynthesis_I,1
PWY0-1319:_CDP-diacylglycerol_biosynthesis_II,PWY4FS-7:_phosphatidylglycerol_biosynthesis_I_(plastidic),1
PWY0-1319:_CDP-diacylglycerol_biosynthesis_II,PWY4FS-8:_phosphatidylglycerol_biosynthesis_II_(non-plastidic),1
PWY0-1319:_CDP-diacylglycerol_biosynthesis_II,PWY66-429:_fatty_acid_biosynthesis_initiation_(mitochondria),1
PWY0-1319:_CDP-diacylglycerol_biosynthesis_II,SER-GLYSYN-PWY:_superpathway_of_L-serine_and_glycine_biosynthesis_I,1
PWY0-1319:_CDP-diacylglycerol_biosynthesis_II,THRESYN-PWY:_superpathway_of_L-threonine_biosynthesis,1
PWY0-1319:_CDP-diacylglycerol_biosynthesis_II,UDPNAGSYN-PWY:_UDP-N-acetyl-D-glucosamine_biosynthesis_I,1
PWY0-1319:_CDP-diacylglycerol_biosynthesis_II,VALSYN-PWY:_L-valine_biosynthesis,1
PWY0-1586:_peptidoglycan_maturation_(meso-diaminopimelate_containing),PWY0-862:_(5Z)-dodecenoate_biosynthesis_I,1
PWY0-1586:_peptidoglycan_maturation_(meso-diaminopimelate_containing),PWY4FS-7:_phosphatidylglycerol_biosynthesis_I_(plastidic),1
PWY0-1586:_peptidoglycan_maturation_(meso-diaminopimelate_containing),PWY4FS-8:_phosphatidylglycerol_biosynthesis_II_(non-plastidic),1
PWY0-1586:_peptidoglycan_maturation_(meso-diaminopimelate_containing),PWY66-429:_fatty_acid_biosynthesis_initiation_(mitochondria),1
PWY0-1586:_peptidoglycan_maturation_(meso-diaminopimelate_containing),SER-GLYSYN-PWY:_superpathway_of_L-serine_and_glycine_biosynthesis_I,1
PWY0-1586:_peptidoglycan_maturation_(meso-diaminopimelate_containing),THRESYN-PWY:_superpathway_of_L-threonine_biosynthesis,1
PWY0-1586:_peptidoglycan_maturation_(meso-diaminopimelate_containing),UDPNAGSYN-PWY:_UDP-N-acetyl-D-glucosamine_biosynthesis_I,1
PWY0-1586:_peptidoglycan_maturation_(meso-diaminopimelate_containing),VALSYN-PWY:_L-valine_biosynthesis,1
PWY0-862:_(5Z)-dodecenoate_biosynthesis_I,PWY4FS-7:_phosphatidylglycerol_biosynthesis_I_(plastidic),1
PWY0-862:_(5Z)-dodecenoate_biosynthesis_I,PWY4FS-8:_phosphatidylglycerol_biosynthesis_II_(non-plastidic),1
PWY0-862:_(5Z)-dodecenoate_biosynthesis_I,PWY66-429:_fatty_acid_biosynthesis_initiation_(mitochondria),1
PWY0-862:_(5Z)-dodecenoate_biosynthesis_I,SER-GLYSYN-PWY:_superpathway_of_L-serine_and_glycine_biosynthesis_I,1
PWY0-862:_(5Z)-dodecenoate_biosynthesis_I,THRESYN-PWY:_superpathway_of_L-threonine_biosynthesis,1
PWY0-862:_(5Z)-dodecenoate_biosynthesis_I,UDPNAGSYN-PWY:_UDP-N-acetyl-D-glucosamine_biosynthesis_I,1
PWY0-862:_(5Z)-dodecenoate_biosynthesis_I,VALSYN-PWY:_L-valine_biosynthesis,1
PWY4FS-7:_phosphatidylglycerol_biosynthesis_I_(plastidic),PWY4FS-8:_phosphatidylglycerol_biosynthesis_II_(non-plastidic),1
PWY4FS-7:_phosphatidylglycerol_biosynthesis_I_(plastidic),PWY66-429:_fatty_acid_biosynthesis_initiation_(mitochondria),1
PWY4FS-7:_phosphatidylglycerol_biosynthesis_I_(plastidic),SER-GLYSYN-PWY:_superpathway_of_L-serine_and_glycine_biosynthesis_I,1
PWY4FS-7:_phosphatidylglycerol_biosynthesis_I_(plastidic),THRESYN-PWY:_superpathway_of_L-threonine_biosynthesis,1
PWY4FS-7:_phosphatidylglycerol_biosynthesis_I_(plastidic),UDPNAGSYN-PWY:_UDP-N-acetyl-D-glucosamine_biosynthesis_I,1
PWY4FS-7:_phosphatidylglycerol_biosynthesis_I_(plastidic),VALSYN-PWY:_L-valine_biosynthesis,1
PWY4FS-8:_phosphatidylglycerol_biosynthesis_II_(non-plastidic),PWY66-429:_fatty_acid_biosynthesis_initiation_(mitochondria),1
PWY4FS-8:_phosphatidylglycerol_biosynthesis_II_(non-plastidic),SER-GLYSYN-PWY:_superpathway_of_L-serine_and_glycine_biosynthesis_I,1
PWY4FS-8:_phosphatidylglycerol_biosynthesis_II_(non-plastidic),THRESYN-PWY:_superpathway_of_L-threonine_biosynthesis,1
PWY4FS-8:_phosphatidylglycerol_biosynthesis_II_(non-plastidic),UDPNAGSYN-PWY:_UDP-N-acetyl-D-glucosamine_biosynthesis_I,1
PWY4FS-8:_phosphatidylglycerol_biosynthesis_II_(non-plastidic),VALSYN-PWY:_L-valine_biosynthesis,1
PWY66-429:_fatty_acid_biosynthesis_initiation_(mitochondria),SER-GLYSYN-PWY:_superpathway_of_L-serine_and_glycine_biosynthesis_I,1
PWY66-429:_fatty_acid_biosynthesis_initiation_(mitochondria),THRESYN-PWY:_superpathway_of_L-threonine_biosynthesis,1
PWY66-429:_fatty_acid_biosynthesis_initiation_(mitochondria),UDPNAGSYN-PWY:_UDP-N-acetyl-D-glucosamine_biosynthesis_I,1
PWY66-429:_fatty_acid_biosynthesis_initiation_(mitochondria),VALSYN-PWY:_L-valine_biosynthesis,1
SER-GLYSYN-PWY:_superpathway_of_L-serine_and_glycine_biosynthesis_I,THRESYN-PWY:_superpathway_of_L-threonine_biosynthesis,1
SER-GLYSYN-PWY:_superpathway_of_L-serine_and_glycine_biosynthesis_I,UDPNAGSYN-PWY:_UDP-N-acetyl-D-glucosamine_biosynthesis_I,1
SER-GLYSYN-PWY:_superpathway_of_L-serine_and_glycine_biosynthesis_I,VALSYN-PWY:_L-valine_biosynthesis,1
THRESYN-PWY:_superpathway_of_L-threonine_biosynthesis,UDPNAGSYN-PWY:_UDP-N-acetyl-D-glucosamine_biosynthesis_I,1
THRESYN-PWY:_superpathway_of_L-threonine_biosynthesis,VALSYN-PWY:_L-valine_biosynthesis,1
UDPNAGSYN-PWY:_UDP-N-acetyl-D-glucosamine_biosynthesis_I,VALSYN-PWY:_L-valine_biosynthesis,1
