original_taxon	genus	species_name	gtdb_genus	gtdb_species
g__Absiella.s__Absiella_dolichum	Absiella	Absiella dolichum	g__Absiella	s__Absiella dolichum
g__Acetobacter.s__Acetobacter_sp_CAG_267	Acetobacter	Acetobacter sp CAG 267	g__Acetobacter	s__Acetobacter sp CAG 267
g__Acetobacter.s__Acetobacter_sp_CAG_977	Acetobacter	Acetobacter sp CAG 977	g__Acetobacter	s__Acetobacter sp CAG 977
g__Acholeplasma.s__Acholeplasma_sp_CAG_878	Acholeplasma	Acholeplasma sp CAG 878	g__Acholeplasma	s__Acholeplasma sp CAG 878
g__Acidaminococcus.s__Acidaminococcus_intestini	Acidaminococcus	Acidaminococcus intestini	g__Acidaminococcus	s__Acidaminococcus intestini
g__Acinetobacter.s__Acinetobacter_idrijaensis	Acinetobacter	Acinetobacter idrijaensis	g__Acinetobacter	s__Acinetobacter idrijaensis
g__Acinetobacter.s__Acinetobacter_lwoffii	Acinetobacter	Acinetobacter lwoffii	g__Acinetobacter	s__Acinetobacter lwoffii
g__Actinomyces.s__Actinomyces_sp_HMSC035G02	Actinomyces	Actinomyces sp HMSC035G02	g__Actinomyces	s__Actinomyces sp HMSC035G02
g__Actinomyces.s__Actinomyces_sp_HPA0247	Actinomyces	Actinomyces sp HPA0247	g__Actinomyces	s__Actinomyces sp HPA0247
g__Actinomyces.s__Actinomyces_sp_ICM47	Actinomyces	Actinomyces sp ICM47	g__Actinomyces	s__Actinomyces sp ICM47
g__Actinomyces.s__Actinomyces_sp_oral_taxon_180	Actinomyces	Actinomyces sp oral taxon 180	g__Actinomyces	s__Actinomyces sp oral taxon 180
g__Actinomyces.s__Actinomyces_sp_oral_taxon_181	Actinomyces	Actinomyces sp oral taxon 181	g__Actinomyces	s__Actinomyces sp oral taxon 181
g__Actinomyces.s__Actinomyces_urogenitalis	Actinomyces	Actinomyces urogenitalis	g__Actinomyces	s__Actinomyces urogenitalis
g__Adlercreutzia.s__Adlercreutzia_equolifaciens	Adlercreutzia	Adlercreutzia equolifaciens	g__Adlercreutzia	s__Adlercreutzia equolifaciens
g__Agathobaculum.s__Agathobaculum_butyriciproducens	Agathobaculum	Agathobaculum butyriciproducens	g__Agathobaculum	s__Agathobaculum butyriciproducens
g__Akkermansia.s__Akkermansia_muciniphila	Akkermansia	Akkermansia muciniphila	g__Akkermansia	s__Akkermansia muciniphila
g__Alistipes.s__Alistipes_finegoldii	Alistipes	Alistipes finegoldii	g__Alistipes	s__Alistipes finegoldii
g__Alistipes.s__Alistipes_indistinctus	Alistipes	Alistipes indistinctus	g__Alistipes	s__Alistipes indistinctus
g__Alistipes.s__Alistipes_onderdonkii	Alistipes	Alistipes onderdonkii	g__Alistipes	s__Alistipes onderdonkii
g__Alistipes.s__Alistipes_putredinis	Alistipes	Alistipes putredinis	g__Alistipes	s__Alistipes putredinis
g__Alistipes.s__Alistipes_shahii	Alistipes	Alistipes shahii	g__Alistipes	s__Alistipes shahii
g__Alistipes.s__Alistipes_sp_An31A	Alistipes	Alistipes sp An31A	g__Alistipes	s__Alistipes sp An31A
g__Alistipes.s__Alistipes_sp_An66	Alistipes	Alistipes sp An66	g__Alistipes	s__Alistipes sp An66
g__Alistipes.s__Alistipes_sp_CAG_268	Alistipes	Alistipes sp CAG 268	g__Alistipes	s__Alistipes sp CAG 268
g__Alistipes.s__Alistipes_sp_CAG_435	Alistipes	Alistipes sp CAG 435	g__Alistipes	s__Alistipes sp CAG 435
g__Alistipes.s__Alistipes_sp_CAG_514	Alistipes	Alistipes sp CAG 514	g__Alistipes	s__Alistipes sp CAG 514
g__Alistipes.s__Alistipes_timonensis	Alistipes	Alistipes timonensis	g__Alistipes	s__Alistipes timonensis
g__Allisonella.s__Allisonella_histaminiformans	Allisonella	Allisonella histaminiformans	g__Allisonella	s__Allisonella histaminiformans
g__Alloscardovia.s__Alloscardovia_omnicolens	Alloscardovia	Alloscardovia omnicolens	g__Alloscardovia	s__Alloscardovia omnicolens
g__Anaerocolumna.s__Anaerocolumna_aminovalerica	Anaerocolumna	Anaerocolumna aminovalerica	g__Anaerocolumna	s__Anaerocolumna aminovalerica
g__Anaerofilum.s__Anaerofilum_sp_An201	Anaerofilum	Anaerofilum sp An201	g__Anaerofilum	s__Anaerofilum sp An201
g__Anaeroglobus.s__Anaeroglobus_geminatus	Anaeroglobus	Anaeroglobus geminatus	g__Anaeroglobus	s__Anaeroglobus geminatus
g__Anaeromassilibacillus.s__Anaeromassilibacillus_sp_An250	Anaeromassilibacillus	Anaeromassilibacillus sp An250	g__Anaeromassilibacillus	s__Anaeromassilibacillus sp An250
g__Anaerosporobacter.s__Anaerosporobacter_mobilis	Anaerosporobacter	Anaerosporobacter mobilis	g__Anaerosporobacter	s__Anaerosporobacter mobilis
g__Anaerostipes.s__Anaerostipes_caccae	Anaerostipes	Anaerostipes caccae	g__Anaerostipes	s__Anaerostipes caccae
g__Anaerostipes.s__Anaerostipes_hadrus	Anaerostipes	Anaerostipes hadrus	g__Anaerostipes	s__Anaerostipes hadrus
g__Anaerotignum.s__Anaerotignum_lactatifermentans	Anaerotignum	Anaerotignum lactatifermentans	g__Anaerotignum	s__Anaerotignum lactatifermentans
g__Anaerotruncus.s__Anaerotruncus_colihominis	Anaerotruncus	Anaerotruncus colihominis	g__Anaerotruncus	s__Anaerotruncus colihominis
g__Anaerotruncus.s__Anaerotruncus_sp_CAG_390	Anaerotruncus	Anaerotruncus sp CAG 390	g__Anaerotruncus	s__Anaerotruncus sp CAG 390
g__Anaerotruncus.s__Anaerotruncus_sp_CAG_528	Anaerotruncus	Anaerotruncus sp CAG 528	g__Anaerotruncus	s__Anaerotruncus sp CAG 528
g__Asaccharobacter.s__Asaccharobacter_celatus	Asaccharobacter	Asaccharobacter celatus	g__Asaccharobacter	s__Asaccharobacter celatus
g__Atlantibacter.s__Atlantibacter_hermannii	Atlantibacter	Atlantibacter hermannii	g__Atlantibacter	s__Atlantibacter hermannii
g__Azospirillum.s__Azospirillum_sp_CAG_260	Azospirillum	Azospirillum sp CAG 260	g__Azospirillum	s__Azospirillum sp CAG 260
g__Bacteroides.s__Bacteroides_caccae	Bacteroides	Bacteroides caccae	g__Bacteroides	s__Bacteroides caccae
g__Bacteroides.s__Bacteroides_cellulosilyticus	Bacteroides	Bacteroides cellulosilyticus	g__Bacteroides	s__Bacteroides cellulosilyticus
g__Bacteroides.s__Bacteroides_clarus	Bacteroides	Bacteroides clarus	g__Bacteroides	s__Bacteroides clarus
g__Bacteroides.s__Bacteroides_coprocola	Bacteroides	Bacteroides coprocola	g__Bacteroides	s__Bacteroides coprocola
g__Bacteroides.s__Bacteroides_coprophilus	Bacteroides	Bacteroides coprophilus	g__Bacteroides	s__Bacteroides coprophilus
g__Bacteroides.s__Bacteroides_dorei	Bacteroides	Bacteroides dorei	g__Bacteroides	s__Bacteroides dorei
g__Bacteroides.s__Bacteroides_eggerthii	Bacteroides	Bacteroides eggerthii	g__Bacteroides	s__Bacteroides eggerthii
g__Bacteroides.s__Bacteroides_faecichinchillae	Bacteroides	Bacteroides faecichinchillae	g__Bacteroides	s__Bacteroides faecichinchillae
g__Bacteroides.s__Bacteroides_faecis	Bacteroides	Bacteroides faecis	g__Bacteroides	s__Bacteroides faecis
g__Bacteroides.s__Bacteroides_finegoldii	Bacteroides	Bacteroides finegoldii	g__Bacteroides	s__Bacteroides finegoldii
g__Bacteroides.s__Bacteroides_fluxus	Bacteroides	Bacteroides fluxus	g__Bacteroides	s__Bacteroides fluxus
g__Bacteroides.s__Bacteroides_fragilis	Bacteroides	Bacteroides fragilis	g__Bacteroides	s__Bacteroides fragilis
g__Bacteroides.s__Bacteroides_intestinalis	Bacteroides	Bacteroides intestinalis	g__Bacteroides	s__Bacteroides intestinalis
g__Bacteroides.s__Bacteroides_massiliensis	Bacteroides	Bacteroides massiliensis	g__Bacteroides	s__Bacteroides massiliensis
g__Bacteroides.s__Bacteroides_nordii	Bacteroides	Bacteroides nordii	g__Bacteroides	s__Bacteroides nordii
g__Bacteroides.s__Bacteroides_oleiciplenus	Bacteroides	Bacteroides oleiciplenus	g__Bacteroides	s__Bacteroides oleiciplenus
g__Bacteroides.s__Bacteroides_ovatus	Bacteroides	Bacteroides ovatus	g__Bacteroides	s__Bacteroides ovatus
g__Bacteroides.s__Bacteroides_plebeius	Bacteroides	Bacteroides plebeius	g__Bacteroides	s__Bacteroides plebeius
g__Bacteroides.s__Bacteroides_salanitronis	Bacteroides	Bacteroides salanitronis	g__Bacteroides	s__Bacteroides salanitronis
g__Bacteroides.s__Bacteroides_salyersiae	Bacteroides	Bacteroides salyersiae	g__Bacteroides	s__Bacteroides salyersiae
g__Bacteroides.s__Bacteroides_sartorii	Bacteroides	Bacteroides sartorii	g__Bacteroides	s__Bacteroides sartorii
g__Bacteroides.s__Bacteroides_sp_An322	Bacteroides	Bacteroides sp An322	g__Bacteroides	s__Bacteroides sp An322
g__Bacteroides.s__Bacteroides_sp_CAG_1076	Bacteroides	Bacteroides sp CAG 1076	g__Bacteroides	s__Bacteroides sp CAG 1076
g__Bacteroides.s__Bacteroides_sp_CAG_144	Bacteroides	Bacteroides sp CAG 144	g__Bacteroides	s__Bacteroides sp CAG 144
g__Bacteroides.s__Bacteroides_sp_CAG_443	Bacteroides	Bacteroides sp CAG 443	g__Bacteroides	s__Bacteroides sp CAG 443
g__Bacteroides.s__Bacteroides_sp_CAG_462	Bacteroides	Bacteroides sp CAG 462	g__Bacteroides	s__Bacteroides sp CAG 462
g__Bacteroides.s__Bacteroides_sp_CAG_530	Bacteroides	Bacteroides sp CAG 530	g__Bacteroides	s__Bacteroides sp CAG 530
g__Bacteroides.s__Bacteroides_sp_CAG_545	Bacteroides	Bacteroides sp CAG 545	g__Bacteroides	s__Bacteroides sp CAG 545
g__Bacteroides.s__Bacteroides_sp_CAG_598	Bacteroides	Bacteroides sp CAG 598	g__Bacteroides	s__Bacteroides sp CAG 598
g__Bacteroides.s__Bacteroides_sp_CAG_633	Bacteroides	Bacteroides sp CAG 633	g__Bacteroides	s__Bacteroides sp CAG 633
g__Bacteroides.s__Bacteroides_sp_CAG_661	Bacteroides	Bacteroides sp CAG 661	g__Bacteroides	s__Bacteroides sp CAG 661
g__Bacteroides.s__Bacteroides_sp_CAG_709	Bacteroides	Bacteroides sp CAG 709	g__Bacteroides	s__Bacteroides sp CAG 709
g__Bacteroides.s__Bacteroides_sp_CAG_714	Bacteroides	Bacteroides sp CAG 714	g__Bacteroides	s__Bacteroides sp CAG 714
g__Bacteroides.s__Bacteroides_sp_CAG_754	Bacteroides	Bacteroides sp CAG 754	g__Bacteroides	s__Bacteroides sp CAG 754
g__Bacteroides.s__Bacteroides_sp_CAG_770	Bacteroides	Bacteroides sp CAG 770	g__Bacteroides	s__Bacteroides sp CAG 770
g__Bacteroides.s__Bacteroides_sp_CAG_875	Bacteroides	Bacteroides sp CAG 875	g__Bacteroides	s__Bacteroides sp CAG 875
g__Bacteroides.s__Bacteroides_sp_OM08_11	Bacteroides	Bacteroides sp OM08 11	g__Bacteroides	s__Bacteroides sp OM08 11
g__Bacteroides.s__Bacteroides_stercorirosoris	Bacteroides	Bacteroides stercorirosoris	g__Bacteroides	s__Bacteroides stercorirosoris
g__Bacteroides.s__Bacteroides_stercoris	Bacteroides	Bacteroides stercoris	g__Bacteroides	s__Bacteroides stercoris
g__Bacteroides.s__Bacteroides_thetaiotaomicron	Bacteroides	Bacteroides thetaiotaomicron	g__Bacteroides	s__Bacteroides thetaiotaomicron
g__Bacteroides.s__Bacteroides_uniformis	Bacteroides	Bacteroides uniformis	g__Bacteroides	s__Bacteroides uniformis
g__Bacteroides.s__Bacteroides_vulgatus	Bacteroides	Bacteroides vulgatus	g__Bacteroides	s__Bacteroides vulgatus
g__Bacteroides.s__Bacteroides_xylanisolvens	Bacteroides	Bacteroides xylanisolvens	g__Bacteroides	s__Bacteroides xylanisolvens
g__Barnesiella.s__Barnesiella_intestinihominis	Barnesiella	Barnesiella intestinihominis	g__Barnesiella	s__Barnesiella intestinihominis
g__Barnesiella.s__Barnesiella_sp_An22	Barnesiella	Barnesiella sp An22	g__Barnesiella	s__Barnesiella sp An22
g__Bifidobacterium.s__Bifidobacterium_adolescentis	Bifidobacterium	Bifidobacterium adolescentis	g__Bifidobacterium	s__Bifidobacterium adolescentis
g__Bifidobacterium.s__Bifidobacterium_angulatum	Bifidobacterium	Bifidobacterium angulatum	g__Bifidobacterium	s__Bifidobacterium angulatum
g__Bifidobacterium.s__Bifidobacterium_animalis	Bifidobacterium	Bifidobacterium animalis	g__Bifidobacterium	s__Bifidobacterium animalis
g__Bifidobacterium.s__Bifidobacterium_asteroides	Bifidobacterium	Bifidobacterium asteroides	g__Bifidobacterium	s__Bifidobacterium asteroides
g__Bifidobacterium.s__Bifidobacterium_bifidum	Bifidobacterium	Bifidobacterium bifidum	g__Bifidobacterium	s__Bifidobacterium bifidum
g__Bifidobacterium.s__Bifidobacterium_breve	Bifidobacterium	Bifidobacterium breve	g__Bifidobacterium	s__Bifidobacterium breve
g__Bifidobacterium.s__Bifidobacterium_catenulatum	Bifidobacterium	Bifidobacterium catenulatum	g__Bifidobacterium	s__Bifidobacterium catenulatum
g__Bifidobacterium.s__Bifidobacterium_dentium	Bifidobacterium	Bifidobacterium dentium	g__Bifidobacterium	s__Bifidobacterium dentium
g__Bifidobacterium.s__Bifidobacterium_gallinarum	Bifidobacterium	Bifidobacterium gallinarum	g__Bifidobacterium	s__Bifidobacterium gallinarum
g__Bifidobacterium.s__Bifidobacterium_longum	Bifidobacterium	Bifidobacterium longum	g__Bifidobacterium	s__Bifidobacterium longum
g__Bifidobacterium.s__Bifidobacterium_pseudocatenulatum	Bifidobacterium	Bifidobacterium pseudocatenulatum	g__Bifidobacterium	s__Bifidobacterium pseudocatenulatum
g__Bifidobacterium.s__Bifidobacterium_pullorum	Bifidobacterium	Bifidobacterium pullorum	g__Bifidobacterium	s__Bifidobacterium pullorum
g__Bilophila.s__Bilophila_wadsworthia	Bilophila	Bilophila wadsworthia	g__Bilophila	s__Bilophila wadsworthia
g__Blastocystis.s__Blastocystis_sp_subtype_1	Blastocystis	Blastocystis sp subtype 1	g__Blastocystis	s__Blastocystis sp subtype 1
g__Blautia.s__Blautia_coccoides	Blautia	Blautia coccoides	g__Blautia	s__Blautia coccoides
g__Blautia.s__Blautia_hansenii	Blautia	Blautia hansenii	g__Blautia	s__Blautia hansenii
g__Blautia.s__Blautia_hydrogenotrophica	Blautia	Blautia hydrogenotrophica	g__Blautia	s__Blautia hydrogenotrophica
g__Blautia.s__Blautia_obeum	Blautia	Blautia obeum	g__Blautia	s__Blautia obeum
g__Blautia.s__Blautia_producta	Blautia	Blautia producta	g__Blautia	s__Blautia producta
g__Blautia.s__Blautia_sp	Blautia	Blautia sp	g__Blautia	s__Blautia sp
g__Blautia.s__Blautia_sp_AF19_10LB	Blautia	Blautia sp AF19 10LB	g__Blautia	s__Blautia sp AF19 10LB
g__Blautia.s__Blautia_sp_CAG_257	Blautia	Blautia sp CAG 257	g__Blautia	s__Blautia sp CAG 257
g__Blautia.s__Blautia_sp_CAG_52	Blautia	Blautia sp CAG 52	g__Blautia	s__Blautia sp CAG 52
g__Blautia.s__Blautia_wexlerae	Blautia	Blautia wexlerae	g__Blautia	s__Blautia wexlerae
g__Blautia.s__Ruminococcus_gnavus	Blautia	Blautia Ruminococcus gnavus	g__Blautia	s__Blautia Ruminococcus gnavus
g__Blautia.s__Ruminococcus_torques	Blautia	Blautia Ruminococcus torques	g__Blautia	s__Blautia Ruminococcus torques
g__Brachyspira.s__Brachyspira_sp_CAG_484	Brachyspira	Brachyspira sp CAG 484	g__Brachyspira	s__Brachyspira sp CAG 484
g__Brachyspira.s__Brachyspira_sp_CAG_700	Brachyspira	Brachyspira sp CAG 700	g__Brachyspira	s__Brachyspira sp CAG 700
g__Brochothrix.s__Brochothrix_thermosphacta	Brochothrix	Brochothrix thermosphacta	g__Brochothrix	s__Brochothrix thermosphacta
g__Butyricicoccus.s__Butyricicoccus_pullicaecorum	Butyricicoccus	Butyricicoccus pullicaecorum	g__Butyricicoccus	s__Butyricicoccus pullicaecorum
g__Butyricimonas.s__Butyricimonas_synergistica	Butyricimonas	Butyricimonas synergistica	g__Butyricimonas	s__Butyricimonas synergistica
g__Butyricimonas.s__Butyricimonas_virosa	Butyricimonas	Butyricimonas virosa	g__Butyricimonas	s__Butyricimonas virosa
g__Butyrivibrio.s__Butyrivibrio_crossotus	Butyrivibrio	Butyrivibrio crossotus	g__Butyrivibrio	s__Butyrivibrio crossotus
g__Butyrivibrio.s__Butyrivibrio_sp_CAG_318	Butyrivibrio	Butyrivibrio sp CAG 318	g__Butyrivibrio	s__Butyrivibrio sp CAG 318
g__Campylobacter.s__Campylobacter_hominis	Campylobacter	Campylobacter hominis	g__Campylobacter	s__Campylobacter hominis
g__Candidatus_Gastranaerophilales_unclassified.s__Candidatus_Gastranaerophilales_bacterium	Candidatus_Gastranaerophilales_unclassified	Candidatus_Gastranaerophilales_unclassified Candidatus Gastranaerophilales bacterium	g__Candidatus_Gastranaerophilales_unclassified	s__Candidatus_Gastranaerophilales_unclassified Candidatus Gastranaerophilales bacterium
g__Candidatus_Gastranaerophilales_unclassified.s__Candidatus_Gastranaerophilales_bacterium_HUM_10	Candidatus_Gastranaerophilales_unclassified	Candidatus_Gastranaerophilales_unclassified Candidatus Gastranaerophilales bacterium HUM 10	g__Candidatus_Gastranaerophilales_unclassified	s__Candidatus_Gastranaerophilales_unclassified Candidatus Gastranaerophilales bacterium HUM 10
g__Candidatus_Gastranaerophilales_unclassified.s__Candidatus_Gastranaerophilales_bacterium_HUM_21	Candidatus_Gastranaerophilales_unclassified	Candidatus_Gastranaerophilales_unclassified Candidatus Gastranaerophilales bacterium HUM 21	g__Candidatus_Gastranaerophilales_unclassified	s__Candidatus_Gastranaerophilales_unclassified Candidatus Gastranaerophilales bacterium HUM 21
g__Candidatus_Melainabacteria_unclassified.s__Candidatus_Melainabacteria_bacterium_35_41	Candidatus_Melainabacteria_unclassified	Candidatus_Melainabacteria_unclassified Candidatus Melainabacteria bacterium 35 41	g__Candidatus_Melainabacteria_unclassified	s__Candidatus_Melainabacteria_unclassified Candidatus Melainabacteria bacterium 35 41
g__Candidatus_Methanomethylophilus.s__Candidatus_Methanomethylophilus_alvus	Candidatus_Methanomethylophilus	Candidatus_Methanomethylophilus Candidatus Methanomethylophilus alvus	g__Candidatus_Methanomethylophilus	s__Candidatus_Methanomethylophilus Candidatus Methanomethylophilus alvus
g__Candidatus_Stoquefichus.s__Candidatus_Stoquefichus_sp_KLE1796	Candidatus_Stoquefichus	Candidatus_Stoquefichus Candidatus Stoquefichus sp KLE1796	g__Candidatus_Stoquefichus	s__Candidatus_Stoquefichus Candidatus Stoquefichus sp KLE1796
g__Catenibacterium.s__Catenibacterium_mitsuokai	Catenibacterium	Catenibacterium mitsuokai	g__Catenibacterium	s__Catenibacterium mitsuokai
g__Christensenella.s__Christensenella_minuta	Christensenella	Christensenella minuta	g__Christensenella	s__Christensenella minuta
g__Citrobacter.s__Citrobacter_amalonaticus	Citrobacter	Citrobacter amalonaticus	g__Citrobacter	s__Citrobacter amalonaticus
g__Citrobacter.s__Citrobacter_braakii	Citrobacter	Citrobacter braakii	g__Citrobacter	s__Citrobacter braakii
g__Citrobacter.s__Citrobacter_freundii	Citrobacter	Citrobacter freundii	g__Citrobacter	s__Citrobacter freundii
g__Citrobacter.s__Citrobacter_koseri	Citrobacter	Citrobacter koseri	g__Citrobacter	s__Citrobacter koseri
g__Citrobacter.s__Citrobacter_portucalensis	Citrobacter	Citrobacter portucalensis	g__Citrobacter	s__Citrobacter portucalensis
g__Citrobacter.s__Citrobacter_youngae	Citrobacter	Citrobacter youngae	g__Citrobacter	s__Citrobacter youngae
g__Cloacibacillus.s__Cloacibacillus_evryensis	Cloacibacillus	Cloacibacillus evryensis	g__Cloacibacillus	s__Cloacibacillus evryensis
g__Cloacibacillus.s__Cloacibacillus_porcorum	Cloacibacillus	Cloacibacillus porcorum	g__Cloacibacillus	s__Cloacibacillus porcorum
g__Clostridiales_unclassified.s__Bacteroides_pectinophilus	Clostridiales_unclassified	Clostridiales_unclassified Bacteroides pectinophilus	g__Clostridiales_unclassified	s__Clostridiales_unclassified Bacteroides pectinophilus
g__Clostridiales_unclassified.s__Clostridiales_bacterium_1_7_47FAA	Clostridiales_unclassified	Clostridiales_unclassified Clostridiales bacterium 1 7 47FAA	g__Clostridiales_unclassified	s__Clostridiales_unclassified Clostridiales bacterium 1 7 47FAA
g__Clostridiales_unclassified.s__Clostridiales_bacterium_CHKCI006	Clostridiales_unclassified	Clostridiales_unclassified Clostridiales bacterium CHKCI006	g__Clostridiales_unclassified	s__Clostridiales_unclassified Clostridiales bacterium CHKCI006
g__Clostridiales_unclassified.s__Clostridiales_bacterium_KLE1615	Clostridiales_unclassified	Clostridiales_unclassified Clostridiales bacterium KLE1615	g__Clostridiales_unclassified	s__Clostridiales_unclassified Clostridiales bacterium KLE1615
g__Clostridioides.s__Clostridioides_difficile	Clostridioides	Clostridioides difficile	g__Clostridioides	s__Clostridioides difficile
g__Clostridium.s__Clostridium_butyricum	Clostridium	Clostridium butyricum	g__Clostridium	s__Clostridium butyricum
g__Clostridium.s__Clostridium_celatum	Clostridium	Clostridium celatum	g__Clostridium	s__Clostridium celatum
g__Clostridium.s__Clostridium_disporicum	Clostridium	Clostridium disporicum	g__Clostridium	s__Clostridium disporicum
g__Clostridium.s__Clostridium_neonatale	Clostridium	Clostridium neonatale	g__Clostridium	s__Clostridium neonatale
g__Clostridium.s__Clostridium_paraputrificum	Clostridium	Clostridium paraputrificum	g__Clostridium	s__Clostridium paraputrificum
g__Clostridium.s__Clostridium_perfringens	Clostridium	Clostridium perfringens	g__Clostridium	s__Clostridium perfringens
g__Clostridium.s__Clostridium_sp_44_14	Clostridium	Clostridium sp 44 14	g__Clostridium	s__Clostridium sp 44 14
g__Clostridium.s__Clostridium_sp_7_2_43FAA	Clostridium	Clostridium sp 7 2 43FAA	g__Clostridium	s__Clostridium sp 7 2 43FAA
g__Clostridium.s__Clostridium_sp_AF36_4	Clostridium	Clostridium sp AF36 4	g__Clostridium	s__Clostridium sp AF36 4
g__Clostridium.s__Clostridium_sp_AM22_11AC	Clostridium	Clostridium sp AM22 11AC	g__Clostridium	s__Clostridium sp AM22 11AC
g__Clostridium.s__Clostridium_sp_CAG_1013	Clostridium	Clostridium sp CAG 1013	g__Clostridium	s__Clostridium sp CAG 1013
g__Clostridium.s__Clostridium_sp_CAG_1024	Clostridium	Clostridium sp CAG 1024	g__Clostridium	s__Clostridium sp CAG 1024
g__Clostridium.s__Clostridium_sp_CAG_1219	Clostridium	Clostridium sp CAG 1219	g__Clostridium	s__Clostridium sp CAG 1219
g__Clostridium.s__Clostridium_sp_CAG_122	Clostridium	Clostridium sp CAG 122	g__Clostridium	s__Clostridium sp CAG 122
g__Clostridium.s__Clostridium_sp_CAG_138	Clostridium	Clostridium sp CAG 138	g__Clostridium	s__Clostridium sp CAG 138
g__Clostridium.s__Clostridium_sp_CAG_167	Clostridium	Clostridium sp CAG 167	g__Clostridium	s__Clostridium sp CAG 167
g__Clostridium.s__Clostridium_sp_CAG_169	Clostridium	Clostridium sp CAG 169	g__Clostridium	s__Clostridium sp CAG 169
g__Clostridium.s__Clostridium_sp_CAG_217	Clostridium	Clostridium sp CAG 217	g__Clostridium	s__Clostridium sp CAG 217
g__Clostridium.s__Clostridium_sp_CAG_221	Clostridium	Clostridium sp CAG 221	g__Clostridium	s__Clostridium sp CAG 221
g__Clostridium.s__Clostridium_sp_CAG_226	Clostridium	Clostridium sp CAG 226	g__Clostridium	s__Clostridium sp CAG 226
g__Clostridium.s__Clostridium_sp_CAG_230	Clostridium	Clostridium sp CAG 230	g__Clostridium	s__Clostridium sp CAG 230
g__Clostridium.s__Clostridium_sp_CAG_242	Clostridium	Clostridium sp CAG 242	g__Clostridium	s__Clostridium sp CAG 242
g__Clostridium.s__Clostridium_sp_CAG_245	Clostridium	Clostridium sp CAG 245	g__Clostridium	s__Clostridium sp CAG 245
g__Clostridium.s__Clostridium_sp_CAG_253	Clostridium	Clostridium sp CAG 253	g__Clostridium	s__Clostridium sp CAG 253
g__Clostridium.s__Clostridium_sp_CAG_269	Clostridium	Clostridium sp CAG 269	g__Clostridium	s__Clostridium sp CAG 269
g__Clostridium.s__Clostridium_sp_CAG_273	Clostridium	Clostridium sp CAG 273	g__Clostridium	s__Clostridium sp CAG 273
g__Clostridium.s__Clostridium_sp_CAG_299	Clostridium	Clostridium sp CAG 299	g__Clostridium	s__Clostridium sp CAG 299
g__Clostridium.s__Clostridium_sp_CAG_302	Clostridium	Clostridium sp CAG 302	g__Clostridium	s__Clostridium sp CAG 302
g__Clostridium.s__Clostridium_sp_CAG_307	Clostridium	Clostridium sp CAG 307	g__Clostridium	s__Clostridium sp CAG 307
g__Clostridium.s__Clostridium_sp_CAG_349	Clostridium	Clostridium sp CAG 349	g__Clostridium	s__Clostridium sp CAG 349
g__Clostridium.s__Clostridium_sp_CAG_354	Clostridium	Clostridium sp CAG 354	g__Clostridium	s__Clostridium sp CAG 354
g__Clostridium.s__Clostridium_sp_CAG_356	Clostridium	Clostridium sp CAG 356	g__Clostridium	s__Clostridium sp CAG 356
g__Clostridium.s__Clostridium_sp_CAG_389	Clostridium	Clostridium sp CAG 389	g__Clostridium	s__Clostridium sp CAG 389
g__Clostridium.s__Clostridium_sp_CAG_411	Clostridium	Clostridium sp CAG 411	g__Clostridium	s__Clostridium sp CAG 411
g__Clostridium.s__Clostridium_sp_CAG_413	Clostridium	Clostridium sp CAG 413	g__Clostridium	s__Clostridium sp CAG 413
g__Clostridium.s__Clostridium_sp_CAG_417	Clostridium	Clostridium sp CAG 417	g__Clostridium	s__Clostridium sp CAG 417
g__Clostridium.s__Clostridium_sp_CAG_433	Clostridium	Clostridium sp CAG 433	g__Clostridium	s__Clostridium sp CAG 433
g__Clostridium.s__Clostridium_sp_CAG_440	Clostridium	Clostridium sp CAG 440	g__Clostridium	s__Clostridium sp CAG 440
g__Clostridium.s__Clostridium_sp_CAG_448	Clostridium	Clostridium sp CAG 448	g__Clostridium	s__Clostridium sp CAG 448
g__Clostridium.s__Clostridium_sp_CAG_452	Clostridium	Clostridium sp CAG 452	g__Clostridium	s__Clostridium sp CAG 452
g__Clostridium.s__Clostridium_sp_CAG_465	Clostridium	Clostridium sp CAG 465	g__Clostridium	s__Clostridium sp CAG 465
g__Clostridium.s__Clostridium_sp_CAG_470	Clostridium	Clostridium sp CAG 470	g__Clostridium	s__Clostridium sp CAG 470
g__Clostridium.s__Clostridium_sp_CAG_492	Clostridium	Clostridium sp CAG 492	g__Clostridium	s__Clostridium sp CAG 492
g__Clostridium.s__Clostridium_sp_CAG_505	Clostridium	Clostridium sp CAG 505	g__Clostridium	s__Clostridium sp CAG 505
g__Clostridium.s__Clostridium_sp_CAG_508	Clostridium	Clostridium sp CAG 508	g__Clostridium	s__Clostridium sp CAG 508
g__Clostridium.s__Clostridium_sp_CAG_510	Clostridium	Clostridium sp CAG 510	g__Clostridium	s__Clostridium sp CAG 510
g__Clostridium.s__Clostridium_sp_CAG_533	Clostridium	Clostridium sp CAG 533	g__Clostridium	s__Clostridium sp CAG 533
g__Clostridium.s__Clostridium_sp_CAG_557	Clostridium	Clostridium sp CAG 557	g__Clostridium	s__Clostridium sp CAG 557
g__Clostridium.s__Clostridium_sp_CAG_567	Clostridium	Clostridium sp CAG 567	g__Clostridium	s__Clostridium sp CAG 567
g__Clostridium.s__Clostridium_sp_CAG_568	Clostridium	Clostridium sp CAG 568	g__Clostridium	s__Clostridium sp CAG 568
g__Clostridium.s__Clostridium_sp_CAG_571	Clostridium	Clostridium sp CAG 571	g__Clostridium	s__Clostridium sp CAG 571
g__Clostridium.s__Clostridium_sp_CAG_575	Clostridium	Clostridium sp CAG 575	g__Clostridium	s__Clostridium sp CAG 575
g__Clostridium.s__Clostridium_sp_CAG_58	Clostridium	Clostridium sp CAG 58	g__Clostridium	s__Clostridium sp CAG 58
g__Clostridium.s__Clostridium_sp_CAG_594	Clostridium	Clostridium sp CAG 594	g__Clostridium	s__Clostridium sp CAG 594
g__Clostridium.s__Clostridium_sp_CAG_609	Clostridium	Clostridium sp CAG 609	g__Clostridium	s__Clostridium sp CAG 609
g__Clostridium.s__Clostridium_sp_CAG_628	Clostridium	Clostridium sp CAG 628	g__Clostridium	s__Clostridium sp CAG 628
g__Clostridium.s__Clostridium_sp_CAG_632	Clostridium	Clostridium sp CAG 632	g__Clostridium	s__Clostridium sp CAG 632
g__Clostridium.s__Clostridium_sp_CAG_678	Clostridium	Clostridium sp CAG 678	g__Clostridium	s__Clostridium sp CAG 678
g__Clostridium.s__Clostridium_sp_CAG_710	Clostridium	Clostridium sp CAG 710	g__Clostridium	s__Clostridium sp CAG 710
g__Clostridium.s__Clostridium_sp_CAG_75	Clostridium	Clostridium sp CAG 75	g__Clostridium	s__Clostridium sp CAG 75
g__Clostridium.s__Clostridium_sp_CAG_762	Clostridium	Clostridium sp CAG 762	g__Clostridium	s__Clostridium sp CAG 762
g__Clostridium.s__Clostridium_sp_CAG_780	Clostridium	Clostridium sp CAG 780	g__Clostridium	s__Clostridium sp CAG 780
g__Clostridium.s__Clostridium_sp_CAG_793	Clostridium	Clostridium sp CAG 793	g__Clostridium	s__Clostridium sp CAG 793
g__Clostridium.s__Clostridium_sp_CAG_798	Clostridium	Clostridium sp CAG 798	g__Clostridium	s__Clostridium sp CAG 798
g__Clostridium.s__Clostridium_sp_CAG_813	Clostridium	Clostridium sp CAG 813	g__Clostridium	s__Clostridium sp CAG 813
g__Clostridium.s__Clostridium_sp_CAG_914	Clostridium	Clostridium sp CAG 914	g__Clostridium	s__Clostridium sp CAG 914
g__Clostridium.s__Clostridium_sp_CAG_964	Clostridium	Clostridium sp CAG 964	g__Clostridium	s__Clostridium sp CAG 964
g__Clostridium.s__Clostridium_sp_D5	Clostridium	Clostridium sp D5	g__Clostridium	s__Clostridium sp D5
g__Clostridium.s__Clostridium_sp_chh4_2	Clostridium	Clostridium sp chh4 2	g__Clostridium	s__Clostridium sp chh4 2
g__Collinsella.s__Collinsella_aerofaciens	Collinsella	Collinsella aerofaciens	g__Collinsella	s__Collinsella aerofaciens
g__Collinsella.s__Collinsella_intestinalis	Collinsella	Collinsella intestinalis	g__Collinsella	s__Collinsella intestinalis
g__Collinsella.s__Collinsella_sp_CAG_289	Collinsella	Collinsella sp CAG 289	g__Collinsella	s__Collinsella sp CAG 289
g__Collinsella.s__Collinsella_tanakaei	Collinsella	Collinsella tanakaei	g__Collinsella	s__Collinsella tanakaei
g__Coprobacillus.s__Coprobacillus_cateniformis	Coprobacillus	Coprobacillus cateniformis	g__Coprobacillus	s__Coprobacillus cateniformis
g__Coprobacter.s__Coprobacter_fastidiosus	Coprobacter	Coprobacter fastidiosus	g__Coprobacter	s__Coprobacter fastidiosus
g__Coprobacter.s__Coprobacter_secundus	Coprobacter	Coprobacter secundus	g__Coprobacter	s__Coprobacter secundus
g__Coprococcus.s__Coprococcus_catus	Coprococcus	Coprococcus catus	g__Coprococcus	s__Coprococcus catus
g__Coprococcus.s__Coprococcus_comes	Coprococcus	Coprococcus comes	g__Coprococcus	s__Coprococcus comes
g__Coprococcus.s__Coprococcus_eutactus	Coprococcus	Coprococcus eutactus	g__Coprococcus	s__Coprococcus eutactus
g__Coprococcus.s__Coprococcus_sp_CAG_782	Coprococcus	Coprococcus sp CAG 782	g__Coprococcus	s__Coprococcus sp CAG 782
g__Coraliomargarita.s__Coraliomargarita_sp_CAG_312	Coraliomargarita	Coraliomargarita sp CAG 312	g__Coraliomargarita	s__Coraliomargarita sp CAG 312
g__Cryptobacterium.s__Cryptobacterium_sp_CAG_338	Cryptobacterium	Cryptobacterium sp CAG 338	g__Cryptobacterium	s__Cryptobacterium sp CAG 338
g__Culturomica.s__Culturomica_sp	Culturomica	Culturomica sp	g__Culturomica	s__Culturomica sp
g__Desulfovibrio.s__Desulfovibrio_desulfuricans	Desulfovibrio	Desulfovibrio desulfuricans	g__Desulfovibrio	s__Desulfovibrio desulfuricans
g__Desulfovibrio.s__Desulfovibrio_fairfieldensis	Desulfovibrio	Desulfovibrio fairfieldensis	g__Desulfovibrio	s__Desulfovibrio fairfieldensis
g__Desulfovibrio.s__Desulfovibrio_legallii	Desulfovibrio	Desulfovibrio legallii	g__Desulfovibrio	s__Desulfovibrio legallii
g__Desulfovibrio.s__Desulfovibrio_piger	Desulfovibrio	Desulfovibrio piger	g__Desulfovibrio	s__Desulfovibrio piger
g__Dialister.s__Dialister_invisus	Dialister	Dialister invisus	g__Dialister	s__Dialister invisus
g__Dialister.s__Dialister_pneumosintes	Dialister	Dialister pneumosintes	g__Dialister	s__Dialister pneumosintes
g__Dialister.s__Dialister_sp_CAG_486	Dialister	Dialister sp CAG 486	g__Dialister	s__Dialister sp CAG 486
g__Dialister.s__Dialister_succinatiphilus	Dialister	Dialister succinatiphilus	g__Dialister	s__Dialister succinatiphilus
g__Dielma.s__Dielma_fastidiosa	Dielma	Dielma fastidiosa	g__Dielma	s__Dielma fastidiosa
g__Dorea.s__Dorea_formicigenerans	Dorea	Dorea formicigenerans	g__Dorea	s__Dorea formicigenerans
g__Dorea.s__Dorea_longicatena	Dorea	Dorea longicatena	g__Dorea	s__Dorea longicatena
g__Dorea.s__Dorea_sp_CAG_317	Dorea	Dorea sp CAG 317	g__Dorea	s__Dorea sp CAG 317
g__Dysgonomonas.s__Dysgonomonas_gadei	Dysgonomonas	Dysgonomonas gadei	g__Dysgonomonas	s__Dysgonomonas gadei
g__Dysgonomonas.s__Dysgonomonas_mossii	Dysgonomonas	Dysgonomonas mossii	g__Dysgonomonas	s__Dysgonomonas mossii
g__Dysgonomonas.s__Dysgonomonas_sp_37_18	Dysgonomonas	Dysgonomonas sp 37 18	g__Dysgonomonas	s__Dysgonomonas sp 37 18
g__Eggerthella.s__Eggerthella_lenta	Eggerthella	Eggerthella lenta	g__Eggerthella	s__Eggerthella lenta
g__Eggerthella.s__Eggerthella_sp_CAG_209	Eggerthella	Eggerthella sp CAG 209	g__Eggerthella	s__Eggerthella sp CAG 209
g__Eggerthella.s__Eggerthella_sp_CAG_298	Eggerthella	Eggerthella sp CAG 298	g__Eggerthella	s__Eggerthella sp CAG 298
g__Eikenella.s__Eikenella_corrodens	Eikenella	Eikenella corrodens	g__Eikenella	s__Eikenella corrodens
g__Eisenbergiella.s__Eisenbergiella_massiliensis	Eisenbergiella	Eisenbergiella massiliensis	g__Eisenbergiella	s__Eisenbergiella massiliensis
g__Eisenbergiella.s__Eisenbergiella_tayi	Eisenbergiella	Eisenbergiella tayi	g__Eisenbergiella	s__Eisenbergiella tayi
g__Enorma.s__Collinsella_massiliensis	Enorma	Enorma Collinsella massiliensis	g__Enorma	s__Enorma Collinsella massiliensis
g__Enorma.s__Enorma_massiliensis	Enorma	Enorma massiliensis	g__Enorma	s__Enorma massiliensis
g__Enterobacter.s__Enterobacter_asburiae	Enterobacter	Enterobacter asburiae	g__Enterobacter	s__Enterobacter asburiae
g__Enterobacter.s__Enterobacter_cloacae	Enterobacter	Enterobacter cloacae	g__Enterobacter	s__Enterobacter cloacae
g__Enterobacter.s__Enterobacter_hormaechei	Enterobacter	Enterobacter hormaechei	g__Enterobacter	s__Enterobacter hormaechei
g__Enterobacter.s__Enterobacter_kobei	Enterobacter	Enterobacter kobei	g__Enterobacter	s__Enterobacter kobei
g__Enterobacter.s__Enterobacter_ludwigii	Enterobacter	Enterobacter ludwigii	g__Enterobacter	s__Enterobacter ludwigii
g__Enterobacter.s__Enterobacter_roggenkampii	Enterobacter	Enterobacter roggenkampii	g__Enterobacter	s__Enterobacter roggenkampii
g__Enterococcus.s__Enterococcus_asini	Enterococcus	Enterococcus asini	g__Enterococcus	s__Enterococcus asini
g__Enterococcus.s__Enterococcus_avium	Enterococcus	Enterococcus avium	g__Enterococcus	s__Enterococcus avium
g__Enterococcus.s__Enterococcus_casseliflavus	Enterococcus	Enterococcus casseliflavus	g__Enterococcus	s__Enterococcus casseliflavus
g__Enterococcus.s__Enterococcus_durans	Enterococcus	Enterococcus durans	g__Enterococcus	s__Enterococcus durans
g__Enterococcus.s__Enterococcus_faecalis	Enterococcus	Enterococcus faecalis	g__Enterococcus	s__Enterococcus faecalis
g__Enterococcus.s__Enterococcus_faecium	Enterococcus	Enterococcus faecium	g__Enterococcus	s__Enterococcus faecium
g__Enterococcus.s__Enterococcus_gallinarum	Enterococcus	Enterococcus gallinarum	g__Enterococcus	s__Enterococcus gallinarum
g__Enterococcus.s__Enterococcus_hirae	Enterococcus	Enterococcus hirae	g__Enterococcus	s__Enterococcus hirae
g__Enterococcus.s__Enterococcus_pseudoavium	Enterococcus	Enterococcus pseudoavium	g__Enterococcus	s__Enterococcus pseudoavium
g__Enterococcus.s__Enterococcus_raffinosus	Enterococcus	Enterococcus raffinosus	g__Enterococcus	s__Enterococcus raffinosus
g__Enterococcus.s__Enterococcus_saccharolyticus	Enterococcus	Enterococcus saccharolyticus	g__Enterococcus	s__Enterococcus saccharolyticus
g__Enterococcus.s__Enterococcus_thailandicus	Enterococcus	Enterococcus thailandicus	g__Enterococcus	s__Enterococcus thailandicus
g__Enteroscipio.s__Enteroscipio_rubneri	Enteroscipio	Enteroscipio rubneri	g__Enteroscipio	s__Enteroscipio rubneri
g__Erysipelatoclostridium.s__Clostridium_spiroforme	Erysipelatoclostridium	Erysipelatoclostridium Clostridium spiroforme	g__Erysipelatoclostridium	s__Erysipelatoclostridium Clostridium spiroforme
g__Erysipelatoclostridium.s__Erysipelatoclostridium_ramosum	Erysipelatoclostridium	Erysipelatoclostridium ramosum	g__Erysipelatoclostridium	s__Erysipelatoclostridium ramosum
g__Erysipelotrichaceae_unclassified.s__Erysipelotrichaceae_bacterium_3_1_53	Erysipelotrichaceae_unclassified	Erysipelotrichaceae_unclassified Erysipelotrichaceae bacterium 3 1 53	g__Erysipelotrichaceae_unclassified	s__Erysipelotrichaceae_unclassified Erysipelotrichaceae bacterium 3 1 53
g__Escherichia.s__Escherichia_coli	Escherichia	Escherichia coli	g__Escherichia	s__Escherichia coli
g__Escherichia.s__Escherichia_fergusonii	Escherichia	Escherichia fergusonii	g__Escherichia	s__Escherichia fergusonii
g__Escherichia.s__Escherichia_marmotae	Escherichia	Escherichia marmotae	g__Escherichia	s__Escherichia marmotae
g__Eubacterium.s__Eubacterium_eligens	Eubacterium	Eubacterium eligens	g__Eubacterium	s__Eubacterium eligens
g__Eubacterium.s__Eubacterium_hallii	Eubacterium	Eubacterium hallii	g__Eubacterium	s__Eubacterium hallii
g__Eubacterium.s__Eubacterium_ramulus	Eubacterium	Eubacterium ramulus	g__Eubacterium	s__Eubacterium ramulus
g__Eubacterium.s__Eubacterium_sp_36_13	Eubacterium	Eubacterium sp 36 13	g__Eubacterium	s__Eubacterium sp 36 13
g__Eubacterium.s__Eubacterium_sp_AF17_7	Eubacterium	Eubacterium sp AF17 7	g__Eubacterium	s__Eubacterium sp AF17 7
g__Eubacterium.s__Eubacterium_sp_An11	Eubacterium	Eubacterium sp An11	g__Eubacterium	s__Eubacterium sp An11
g__Eubacterium.s__Eubacterium_sp_CAG_115	Eubacterium	Eubacterium sp CAG 115	g__Eubacterium	s__Eubacterium sp CAG 115
g__Eubacterium.s__Eubacterium_sp_CAG_161	Eubacterium	Eubacterium sp CAG 161	g__Eubacterium	s__Eubacterium sp CAG 161
g__Eubacterium.s__Eubacterium_sp_CAG_180	Eubacterium	Eubacterium sp CAG 180	g__Eubacterium	s__Eubacterium sp CAG 180
g__Eubacterium.s__Eubacterium_sp_CAG_192	Eubacterium	Eubacterium sp CAG 192	g__Eubacterium	s__Eubacterium sp CAG 192
g__Eubacterium.s__Eubacterium_sp_CAG_251	Eubacterium	Eubacterium sp CAG 251	g__Eubacterium	s__Eubacterium sp CAG 251
g__Eubacterium.s__Eubacterium_sp_CAG_252	Eubacterium	Eubacterium sp CAG 252	g__Eubacterium	s__Eubacterium sp CAG 252
g__Eubacterium.s__Eubacterium_sp_CAG_274	Eubacterium	Eubacterium sp CAG 274	g__Eubacterium	s__Eubacterium sp CAG 274
g__Eubacterium.s__Eubacterium_sp_CAG_38	Eubacterium	Eubacterium sp CAG 38	g__Eubacterium	s__Eubacterium sp CAG 38
g__Eubacterium.s__Eubacterium_sp_CAG_581	Eubacterium	Eubacterium sp CAG 581	g__Eubacterium	s__Eubacterium sp CAG 581
g__Eubacterium.s__Eubacterium_sp_CAG_786	Eubacterium	Eubacterium sp CAG 786	g__Eubacterium	s__Eubacterium sp CAG 786
g__Eubacterium.s__Eubacterium_ventriosum	Eubacterium	Eubacterium ventriosum	g__Eubacterium	s__Eubacterium ventriosum
g__Faecalibacterium.s__Faecalibacterium_prausnitzii	Faecalibacterium	Faecalibacterium prausnitzii	g__Faecalibacterium	s__Faecalibacterium prausnitzii
g__Faecalibacterium.s__Faecalibacterium_sp_CAG_74	Faecalibacterium	Faecalibacterium sp CAG 74	g__Faecalibacterium	s__Faecalibacterium sp CAG 74
g__Faecalicatena.s__Faecalicatena_contorta	Faecalicatena	Faecalicatena contorta	g__Faecalicatena	s__Faecalicatena contorta
g__Faecalicoccus.s__Faecalicoccus_pleomorphus	Faecalicoccus	Faecalicoccus pleomorphus	g__Faecalicoccus	s__Faecalicoccus pleomorphus
g__Faecalitalea.s__Faecalitalea_cylindroides	Faecalitalea	Faecalitalea cylindroides	g__Faecalitalea	s__Faecalitalea cylindroides
g__Firmicutes_unclassified.s__Firmicutes_bacterium_AF16_15	Firmicutes_unclassified	Firmicutes_unclassified Firmicutes bacterium AF16 15	g__Firmicutes_unclassified	s__Firmicutes_unclassified Firmicutes bacterium AF16 15
g__Firmicutes_unclassified.s__Firmicutes_bacterium_AM10_47	Firmicutes_unclassified	Firmicutes_unclassified Firmicutes bacterium AM10 47	g__Firmicutes_unclassified	s__Firmicutes_unclassified Firmicutes bacterium AM10 47
g__Firmicutes_unclassified.s__Firmicutes_bacterium_CAG_102	Firmicutes_unclassified	Firmicutes_unclassified Firmicutes bacterium CAG 102	g__Firmicutes_unclassified	s__Firmicutes_unclassified Firmicutes bacterium CAG 102
g__Firmicutes_unclassified.s__Firmicutes_bacterium_CAG_103	Firmicutes_unclassified	Firmicutes_unclassified Firmicutes bacterium CAG 103	g__Firmicutes_unclassified	s__Firmicutes_unclassified Firmicutes bacterium CAG 103
g__Firmicutes_unclassified.s__Firmicutes_bacterium_CAG_110	Firmicutes_unclassified	Firmicutes_unclassified Firmicutes bacterium CAG 110	g__Firmicutes_unclassified	s__Firmicutes_unclassified Firmicutes bacterium CAG 110
g__Firmicutes_unclassified.s__Firmicutes_bacterium_CAG_114	Firmicutes_unclassified	Firmicutes_unclassified Firmicutes bacterium CAG 114	g__Firmicutes_unclassified	s__Firmicutes_unclassified Firmicutes bacterium CAG 114
g__Firmicutes_unclassified.s__Firmicutes_bacterium_CAG_124	Firmicutes_unclassified	Firmicutes_unclassified Firmicutes bacterium CAG 124	g__Firmicutes_unclassified	s__Firmicutes_unclassified Firmicutes bacterium CAG 124
g__Firmicutes_unclassified.s__Firmicutes_bacterium_CAG_129	Firmicutes_unclassified	Firmicutes_unclassified Firmicutes bacterium CAG 129	g__Firmicutes_unclassified	s__Firmicutes_unclassified Firmicutes bacterium CAG 129
g__Firmicutes_unclassified.s__Firmicutes_bacterium_CAG_137	Firmicutes_unclassified	Firmicutes_unclassified Firmicutes bacterium CAG 137	g__Firmicutes_unclassified	s__Firmicutes_unclassified Firmicutes bacterium CAG 137
g__Firmicutes_unclassified.s__Firmicutes_bacterium_CAG_145	Firmicutes_unclassified	Firmicutes_unclassified Firmicutes bacterium CAG 145	g__Firmicutes_unclassified	s__Firmicutes_unclassified Firmicutes bacterium CAG 145
g__Firmicutes_unclassified.s__Firmicutes_bacterium_CAG_170	Firmicutes_unclassified	Firmicutes_unclassified Firmicutes bacterium CAG 170	g__Firmicutes_unclassified	s__Firmicutes_unclassified Firmicutes bacterium CAG 170
g__Firmicutes_unclassified.s__Firmicutes_bacterium_CAG_176	Firmicutes_unclassified	Firmicutes_unclassified Firmicutes bacterium CAG 176	g__Firmicutes_unclassified	s__Firmicutes_unclassified Firmicutes bacterium CAG 176
g__Firmicutes_unclassified.s__Firmicutes_bacterium_CAG_194	Firmicutes_unclassified	Firmicutes_unclassified Firmicutes bacterium CAG 194	g__Firmicutes_unclassified	s__Firmicutes_unclassified Firmicutes bacterium CAG 194
g__Firmicutes_unclassified.s__Firmicutes_bacterium_CAG_238	Firmicutes_unclassified	Firmicutes_unclassified Firmicutes bacterium CAG 238	g__Firmicutes_unclassified	s__Firmicutes_unclassified Firmicutes bacterium CAG 238
g__Firmicutes_unclassified.s__Firmicutes_bacterium_CAG_240	Firmicutes_unclassified	Firmicutes_unclassified Firmicutes bacterium CAG 240	g__Firmicutes_unclassified	s__Firmicutes_unclassified Firmicutes bacterium CAG 240
g__Firmicutes_unclassified.s__Firmicutes_bacterium_CAG_272	Firmicutes_unclassified	Firmicutes_unclassified Firmicutes bacterium CAG 272	g__Firmicutes_unclassified	s__Firmicutes_unclassified Firmicutes bacterium CAG 272
g__Firmicutes_unclassified.s__Firmicutes_bacterium_CAG_313	Firmicutes_unclassified	Firmicutes_unclassified Firmicutes bacterium CAG 313	g__Firmicutes_unclassified	s__Firmicutes_unclassified Firmicutes bacterium CAG 313
g__Firmicutes_unclassified.s__Firmicutes_bacterium_CAG_345	Firmicutes_unclassified	Firmicutes_unclassified Firmicutes bacterium CAG 345	g__Firmicutes_unclassified	s__Firmicutes_unclassified Firmicutes bacterium CAG 345
g__Firmicutes_unclassified.s__Firmicutes_bacterium_CAG_41	Firmicutes_unclassified	Firmicutes_unclassified Firmicutes bacterium CAG 41	g__Firmicutes_unclassified	s__Firmicutes_unclassified Firmicutes bacterium CAG 41
g__Firmicutes_unclassified.s__Firmicutes_bacterium_CAG_424	Firmicutes_unclassified	Firmicutes_unclassified Firmicutes bacterium CAG 424	g__Firmicutes_unclassified	s__Firmicutes_unclassified Firmicutes bacterium CAG 424
g__Firmicutes_unclassified.s__Firmicutes_bacterium_CAG_460	Firmicutes_unclassified	Firmicutes_unclassified Firmicutes bacterium CAG 460	g__Firmicutes_unclassified	s__Firmicutes_unclassified Firmicutes bacterium CAG 460
g__Firmicutes_unclassified.s__Firmicutes_bacterium_CAG_475	Firmicutes_unclassified	Firmicutes_unclassified Firmicutes bacterium CAG 475	g__Firmicutes_unclassified	s__Firmicutes_unclassified Firmicutes bacterium CAG 475
g__Firmicutes_unclassified.s__Firmicutes_bacterium_CAG_534	Firmicutes_unclassified	Firmicutes_unclassified Firmicutes bacterium CAG 534	g__Firmicutes_unclassified	s__Firmicutes_unclassified Firmicutes bacterium CAG 534
g__Firmicutes_unclassified.s__Firmicutes_bacterium_CAG_552	Firmicutes_unclassified	Firmicutes_unclassified Firmicutes bacterium CAG 552	g__Firmicutes_unclassified	s__Firmicutes_unclassified Firmicutes bacterium CAG 552
g__Firmicutes_unclassified.s__Firmicutes_bacterium_CAG_555	Firmicutes_unclassified	Firmicutes_unclassified Firmicutes bacterium CAG 555	g__Firmicutes_unclassified	s__Firmicutes_unclassified Firmicutes bacterium CAG 555
g__Firmicutes_unclassified.s__Firmicutes_bacterium_CAG_56	Firmicutes_unclassified	Firmicutes_unclassified Firmicutes bacterium CAG 56	g__Firmicutes_unclassified	s__Firmicutes_unclassified Firmicutes bacterium CAG 56
g__Firmicutes_unclassified.s__Firmicutes_bacterium_CAG_582	Firmicutes_unclassified	Firmicutes_unclassified Firmicutes bacterium CAG 582	g__Firmicutes_unclassified	s__Firmicutes_unclassified Firmicutes bacterium CAG 582
g__Firmicutes_unclassified.s__Firmicutes_bacterium_CAG_646	Firmicutes_unclassified	Firmicutes_unclassified Firmicutes bacterium CAG 646	g__Firmicutes_unclassified	s__Firmicutes_unclassified Firmicutes bacterium CAG 646
g__Firmicutes_unclassified.s__Firmicutes_bacterium_CAG_65_45_313	Firmicutes_unclassified	Firmicutes_unclassified Firmicutes bacterium CAG 65 45 313	g__Firmicutes_unclassified	s__Firmicutes_unclassified Firmicutes bacterium CAG 65 45 313
g__Firmicutes_unclassified.s__Firmicutes_bacterium_CAG_791	Firmicutes_unclassified	Firmicutes_unclassified Firmicutes bacterium CAG 791	g__Firmicutes_unclassified	s__Firmicutes_unclassified Firmicutes bacterium CAG 791
g__Firmicutes_unclassified.s__Firmicutes_bacterium_CAG_83	Firmicutes_unclassified	Firmicutes_unclassified Firmicutes bacterium CAG 83	g__Firmicutes_unclassified	s__Firmicutes_unclassified Firmicutes bacterium CAG 83
g__Firmicutes_unclassified.s__Firmicutes_bacterium_CAG_884	Firmicutes_unclassified	Firmicutes_unclassified Firmicutes bacterium CAG 884	g__Firmicutes_unclassified	s__Firmicutes_unclassified Firmicutes bacterium CAG 884
g__Firmicutes_unclassified.s__Firmicutes_bacterium_CAG_94	Firmicutes_unclassified	Firmicutes_unclassified Firmicutes bacterium CAG 94	g__Firmicutes_unclassified	s__Firmicutes_unclassified Firmicutes bacterium CAG 94
g__Firmicutes_unclassified.s__Firmicutes_bacterium_CAG_95	Firmicutes_unclassified	Firmicutes_unclassified Firmicutes bacterium CAG 95	g__Firmicutes_unclassified	s__Firmicutes_unclassified Firmicutes bacterium CAG 95
g__Flavonifractor.s__Flavonifractor_plautii	Flavonifractor	Flavonifractor plautii	g__Flavonifractor	s__Flavonifractor plautii
g__Flavonifractor.s__Flavonifractor_sp_An10	Flavonifractor	Flavonifractor sp An10	g__Flavonifractor	s__Flavonifractor sp An10
g__Flavonifractor.s__Flavonifractor_sp_An100	Flavonifractor	Flavonifractor sp An100	g__Flavonifractor	s__Flavonifractor sp An100
g__Flavonifractor.s__Flavonifractor_sp_An306	Flavonifractor	Flavonifractor sp An306	g__Flavonifractor	s__Flavonifractor sp An306
g__Fusicatenibacter.s__Fusicatenibacter_saccharivorans	Fusicatenibacter	Fusicatenibacter saccharivorans	g__Fusicatenibacter	s__Fusicatenibacter saccharivorans
g__Fusobacterium.s__Fusobacterium_equinum	Fusobacterium	Fusobacterium equinum	g__Fusobacterium	s__Fusobacterium equinum
g__Fusobacterium.s__Fusobacterium_gonidiaformans	Fusobacterium	Fusobacterium gonidiaformans	g__Fusobacterium	s__Fusobacterium gonidiaformans
g__Fusobacterium.s__Fusobacterium_mortiferum	Fusobacterium	Fusobacterium mortiferum	g__Fusobacterium	s__Fusobacterium mortiferum
g__Fusobacterium.s__Fusobacterium_nucleatum	Fusobacterium	Fusobacterium nucleatum	g__Fusobacterium	s__Fusobacterium nucleatum
g__Fusobacterium.s__Fusobacterium_sp_CAG_439	Fusobacterium	Fusobacterium sp CAG 439	g__Fusobacterium	s__Fusobacterium sp CAG 439
g__Fusobacterium.s__Fusobacterium_ulcerans	Fusobacterium	Fusobacterium ulcerans	g__Fusobacterium	s__Fusobacterium ulcerans
g__Fusobacterium.s__Fusobacterium_varium	Fusobacterium	Fusobacterium varium	g__Fusobacterium	s__Fusobacterium varium
g__Gardnerella.s__Gardnerella_vaginalis	Gardnerella	Gardnerella vaginalis	g__Gardnerella	s__Gardnerella vaginalis
g__Gemmiger.s__Gemmiger_formicilis	Gemmiger	Gemmiger formicilis	g__Gemmiger	s__Gemmiger formicilis
g__Gemmiger.s__Gemmiger_sp_An50	Gemmiger	Gemmiger sp An50	g__Gemmiger	s__Gemmiger sp An50
g__Gemmiger.s__Gemmiger_sp_An87	Gemmiger	Gemmiger sp An87	g__Gemmiger	s__Gemmiger sp An87
g__Gordonibacter.s__Gordonibacter_pamelaeae	Gordonibacter	Gordonibacter pamelaeae	g__Gordonibacter	s__Gordonibacter pamelaeae
g__Gordonibacter.s__Gordonibacter_sp_An232A	Gordonibacter	Gordonibacter sp An232A	g__Gordonibacter	s__Gordonibacter sp An232A
g__Gordonibacter.s__Gordonibacter_urolithinfaciens	Gordonibacter	Gordonibacter urolithinfaciens	g__Gordonibacter	s__Gordonibacter urolithinfaciens
g__Haemophilus.s__Haemophilus_haemolyticus	Haemophilus	Haemophilus haemolyticus	g__Haemophilus	s__Haemophilus haemolyticus
g__Haemophilus.s__Haemophilus_influenzae	Haemophilus	Haemophilus influenzae	g__Haemophilus	s__Haemophilus influenzae
g__Haemophilus.s__Haemophilus_parainfluenzae	Haemophilus	Haemophilus parainfluenzae	g__Haemophilus	s__Haemophilus parainfluenzae
g__Haemophilus.s__Haemophilus_pittmaniae	Haemophilus	Haemophilus pittmaniae	g__Haemophilus	s__Haemophilus pittmaniae
g__Haemophilus.s__Haemophilus_sputorum	Haemophilus	Haemophilus sputorum	g__Haemophilus	s__Haemophilus sputorum
g__Hafnia.s__Hafnia_alvei	Hafnia	Hafnia alvei	g__Hafnia	s__Hafnia alvei
g__Hafnia.s__Hafnia_paralvei	Hafnia	Hafnia paralvei	g__Hafnia	s__Hafnia paralvei
g__Holdemanella.s__Holdemanella_biformis	Holdemanella	Holdemanella biformis	g__Holdemanella	s__Holdemanella biformis
g__Holdemania.s__Holdemania_filiformis	Holdemania	Holdemania filiformis	g__Holdemania	s__Holdemania filiformis
g__Hungatella.s__Hungatella_hathewayi	Hungatella	Hungatella hathewayi	g__Hungatella	s__Hungatella hathewayi
g__Intestinibacter.s__Intestinibacter_bartlettii	Intestinibacter	Intestinibacter bartlettii	g__Intestinibacter	s__Intestinibacter bartlettii
g__Intestinimonas.s__Intestinimonas_butyriciproducens	Intestinimonas	Intestinimonas butyriciproducens	g__Intestinimonas	s__Intestinimonas butyriciproducens
g__Klebsiella.s__Klebsiella_aerogenes	Klebsiella	Klebsiella aerogenes	g__Klebsiella	s__Klebsiella aerogenes
g__Klebsiella.s__Klebsiella_grimontii	Klebsiella	Klebsiella grimontii	g__Klebsiella	s__Klebsiella grimontii
g__Klebsiella.s__Klebsiella_michiganensis	Klebsiella	Klebsiella michiganensis	g__Klebsiella	s__Klebsiella michiganensis
g__Klebsiella.s__Klebsiella_oxytoca	Klebsiella	Klebsiella oxytoca	g__Klebsiella	s__Klebsiella oxytoca
g__Klebsiella.s__Klebsiella_pneumoniae	Klebsiella	Klebsiella pneumoniae	g__Klebsiella	s__Klebsiella pneumoniae
g__Klebsiella.s__Klebsiella_quasipneumoniae	Klebsiella	Klebsiella quasipneumoniae	g__Klebsiella	s__Klebsiella quasipneumoniae
g__Klebsiella.s__Klebsiella_variicola	Klebsiella	Klebsiella variicola	g__Klebsiella	s__Klebsiella variicola
g__Kluyvera.s__Kluyvera_ascorbata	Kluyvera	Kluyvera ascorbata	g__Kluyvera	s__Kluyvera ascorbata
g__Kluyvera.s__Kluyvera_cryocrescens	Kluyvera	Kluyvera cryocrescens	g__Kluyvera	s__Kluyvera cryocrescens
g__Kosakonia.s__Kosakonia_sacchari	Kosakonia	Kosakonia sacchari	g__Kosakonia	s__Kosakonia sacchari
g__Lachnoclostridium.s__Clostridium_aldenense	Lachnoclostridium	Lachnoclostridium Clostridium aldenense	g__Lachnoclostridium	s__Lachnoclostridium Clostridium aldenense
g__Lachnoclostridium.s__Clostridium_asparagiforme	Lachnoclostridium	Lachnoclostridium Clostridium asparagiforme	g__Lachnoclostridium	s__Lachnoclostridium Clostridium asparagiforme
g__Lachnoclostridium.s__Clostridium_citroniae	Lachnoclostridium	Lachnoclostridium Clostridium citroniae	g__Lachnoclostridium	s__Lachnoclostridium Clostridium citroniae
g__Lachnoclostridium.s__Clostridium_clostridioforme	Lachnoclostridium	Lachnoclostridium Clostridium clostridioforme	g__Lachnoclostridium	s__Lachnoclostridium Clostridium clostridioforme
g__Lachnoclostridium.s__Clostridium_lavalense	Lachnoclostridium	Lachnoclostridium Clostridium lavalense	g__Lachnoclostridium	s__Lachnoclostridium Clostridium lavalense
g__Lachnoclostridium.s__Clostridium_saccharolyticum	Lachnoclostridium	Lachnoclostridium Clostridium saccharolyticum	g__Lachnoclostridium	s__Lachnoclostridium Clostridium saccharolyticum
g__Lachnoclostridium.s__Clostridium_scindens	Lachnoclostridium	Lachnoclostridium Clostridium scindens	g__Lachnoclostridium	s__Lachnoclostridium Clostridium scindens
g__Lachnoclostridium.s__Clostridium_symbiosum	Lachnoclostridium	Lachnoclostridium Clostridium symbiosum	g__Lachnoclostridium	s__Lachnoclostridium Clostridium symbiosum
g__Lachnoclostridium.s__Lachnoclostridium_sp_An118	Lachnoclostridium	Lachnoclostridium sp An118	g__Lachnoclostridium	s__Lachnoclostridium sp An118
g__Lachnoclostridium.s__Lachnoclostridium_sp_An131	Lachnoclostridium	Lachnoclostridium sp An131	g__Lachnoclostridium	s__Lachnoclostridium sp An131
g__Lachnoclostridium.s__Lachnoclostridium_sp_An138	Lachnoclostridium	Lachnoclostridium sp An138	g__Lachnoclostridium	s__Lachnoclostridium sp An138
g__Lachnoclostridium.s__Lachnoclostridium_sp_An169	Lachnoclostridium	Lachnoclostridium sp An169	g__Lachnoclostridium	s__Lachnoclostridium sp An169
g__Lachnospira.s__Lachnospira_pectinoschiza	Lachnospira	Lachnospira pectinoschiza	g__Lachnospira	s__Lachnospira pectinoschiza
g__Lachnospiraceae_unclassified.s__Eubacterium_rectale	Lachnospiraceae_unclassified	Lachnospiraceae_unclassified Eubacterium rectale	g__Lachnospiraceae_unclassified	s__Lachnospiraceae_unclassified Eubacterium rectale
g__Lachnospiraceae_unclassified.s__Lachnospiraceae_bacterium_2_1_46FAA	Lachnospiraceae_unclassified	Lachnospiraceae_unclassified Lachnospiraceae bacterium 2 1 46FAA	g__Lachnospiraceae_unclassified	s__Lachnospiraceae_unclassified Lachnospiraceae bacterium 2 1 46FAA
g__Lachnospiraceae_unclassified.s__Lachnospiraceae_bacterium_OF09_6	Lachnospiraceae_unclassified	Lachnospiraceae_unclassified Lachnospiraceae bacterium OF09 6	g__Lachnospiraceae_unclassified	s__Lachnospiraceae_unclassified Lachnospiraceae bacterium OF09 6
g__Lactobacillus.s__Lactobacillus_acidophilus	Lactobacillus	Lactobacillus acidophilus	g__Lactobacillus	s__Lactobacillus acidophilus
g__Lactobacillus.s__Lactobacillus_animalis	Lactobacillus	Lactobacillus animalis	g__Lactobacillus	s__Lactobacillus animalis
g__Lactobacillus.s__Lactobacillus_brevis	Lactobacillus	Lactobacillus brevis	g__Lactobacillus	s__Lactobacillus brevis
g__Lactobacillus.s__Lactobacillus_buchneri	Lactobacillus	Lactobacillus buchneri	g__Lactobacillus	s__Lactobacillus buchneri
g__Lactobacillus.s__Lactobacillus_casei_group	Lactobacillus	Lactobacillus casei group	g__Lactobacillus	s__Lactobacillus casei group
g__Lactobacillus.s__Lactobacillus_crispatus	Lactobacillus	Lactobacillus crispatus	g__Lactobacillus	s__Lactobacillus crispatus
g__Lactobacillus.s__Lactobacillus_curvatus	Lactobacillus	Lactobacillus curvatus	g__Lactobacillus	s__Lactobacillus curvatus
g__Lactobacillus.s__Lactobacillus_fermentum	Lactobacillus	Lactobacillus fermentum	g__Lactobacillus	s__Lactobacillus fermentum
g__Lactobacillus.s__Lactobacillus_gasseri	Lactobacillus	Lactobacillus gasseri	g__Lactobacillus	s__Lactobacillus gasseri
g__Lactobacillus.s__Lactobacillus_jensenii	Lactobacillus	Lactobacillus jensenii	g__Lactobacillus	s__Lactobacillus jensenii
g__Lactobacillus.s__Lactobacillus_paragasseri	Lactobacillus	Lactobacillus paragasseri	g__Lactobacillus	s__Lactobacillus paragasseri
g__Lactobacillus.s__Lactobacillus_plantarum	Lactobacillus	Lactobacillus plantarum	g__Lactobacillus	s__Lactobacillus plantarum
g__Lactobacillus.s__Lactobacillus_rhamnosus	Lactobacillus	Lactobacillus rhamnosus	g__Lactobacillus	s__Lactobacillus rhamnosus
g__Lactobacillus.s__Lactobacillus_ruminis	Lactobacillus	Lactobacillus ruminis	g__Lactobacillus	s__Lactobacillus ruminis
g__Lactobacillus.s__Lactobacillus_sakei	Lactobacillus	Lactobacillus sakei	g__Lactobacillus	s__Lactobacillus sakei
g__Lactobacillus.s__Lactobacillus_salivarius	Lactobacillus	Lactobacillus salivarius	g__Lactobacillus	s__Lactobacillus salivarius
g__Lactobacillus.s__Lactobacillus_vaccinostercus	Lactobacillus	Lactobacillus vaccinostercus	g__Lactobacillus	s__Lactobacillus vaccinostercus
g__Lactococcus.s__Lactococcus_lactis	Lactococcus	Lactococcus lactis	g__Lactococcus	s__Lactococcus lactis
g__Lactococcus.s__Lactococcus_raffinolactis	Lactococcus	Lactococcus raffinolactis	g__Lactococcus	s__Lactococcus raffinolactis
g__Lawsonibacter.s__Lawsonibacter_asaccharolyticus	Lawsonibacter	Lawsonibacter asaccharolyticus	g__Lawsonibacter	s__Lawsonibacter asaccharolyticus
g__Leclercia.s__Leclercia_adecarboxylata	Leclercia	Leclercia adecarboxylata	g__Leclercia	s__Leclercia adecarboxylata
g__Lelliottia.s__Lelliottia_amnigena	Lelliottia	Lelliottia amnigena	g__Lelliottia	s__Lelliottia amnigena
g__Lentisphaerae_unclassified.s__Lentisphaerae_bacterium	Lentisphaerae_unclassified	Lentisphaerae_unclassified Lentisphaerae bacterium	g__Lentisphaerae_unclassified	s__Lentisphaerae_unclassified Lentisphaerae bacterium
g__Massiliomicrobiota.s__Massiliomicrobiota_timonensis	Massiliomicrobiota	Massiliomicrobiota timonensis	g__Massiliomicrobiota	s__Massiliomicrobiota timonensis
g__Megamonas.s__Megamonas_funiformis	Megamonas	Megamonas funiformis	g__Megamonas	s__Megamonas funiformis
g__Megamonas.s__Megamonas_hypermegale	Megamonas	Megamonas hypermegale	g__Megamonas	s__Megamonas hypermegale
g__Megamonas.s__Megamonas_rupellensis	Megamonas	Megamonas rupellensis	g__Megamonas	s__Megamonas rupellensis
g__Megasphaera.s__Megasphaera_elsdenii	Megasphaera	Megasphaera elsdenii	g__Megasphaera	s__Megasphaera elsdenii
g__Megasphaera.s__Megasphaera_hexanoica	Megasphaera	Megasphaera hexanoica	g__Megasphaera	s__Megasphaera hexanoica
g__Megasphaera.s__Megasphaera_micronuciformis	Megasphaera	Megasphaera micronuciformis	g__Megasphaera	s__Megasphaera micronuciformis
g__Megasphaera.s__Megasphaera_sp_DISK_18	Megasphaera	Megasphaera sp DISK 18	g__Megasphaera	s__Megasphaera sp DISK 18
g__Megasphaera.s__Megasphaera_stantonii	Megasphaera	Megasphaera stantonii	g__Megasphaera	s__Megasphaera stantonii
g__Mesosutterella.s__Mesosutterella_multiformis	Mesosutterella	Mesosutterella multiformis	g__Mesosutterella	s__Mesosutterella multiformis
g__Methanobrevibacter.s__Methanobrevibacter_smithii	Methanobrevibacter	Methanobrevibacter smithii	g__Methanobrevibacter	s__Methanobrevibacter smithii
g__Methanomassiliicoccus.s__Candidatus_Methanomassiliicoccus_intestinalis	Methanomassiliicoccus	Methanomassiliicoccus Candidatus Methanomassiliicoccus intestinalis	g__Methanomassiliicoccus	s__Methanomassiliicoccus Candidatus Methanomassiliicoccus intestinalis
g__Mitsuokella.s__Mitsuokella_jalaludinii	Mitsuokella	Mitsuokella jalaludinii	g__Mitsuokella	s__Mitsuokella jalaludinii
g__Mitsuokella.s__Mitsuokella_multacida	Mitsuokella	Mitsuokella multacida	g__Mitsuokella	s__Mitsuokella multacida
g__Monoglobus.s__Monoglobus_pectinilyticus	Monoglobus	Monoglobus pectinilyticus	g__Monoglobus	s__Monoglobus pectinilyticus
g__Morganella.s__Morganella_morganii	Morganella	Morganella morganii	g__Morganella	s__Morganella morganii
g__Morococcus.s__Morococcus_cerebrosus	Morococcus	Morococcus cerebrosus	g__Morococcus	s__Morococcus cerebrosus
g__Mycoplasma.s__Mycoplasma_sp_CAG_472	Mycoplasma	Mycoplasma sp CAG 472	g__Mycoplasma	s__Mycoplasma sp CAG 472
g__Neisseria.s__Neisseria_flavescens	Neisseria	Neisseria flavescens	g__Neisseria	s__Neisseria flavescens
g__Neisseria.s__Neisseria_mucosa	Neisseria	Neisseria mucosa	g__Neisseria	s__Neisseria mucosa
g__Neisseria.s__Neisseria_sicca	Neisseria	Neisseria sicca	g__Neisseria	s__Neisseria sicca
g__Neisseria.s__Neisseria_subflava	Neisseria	Neisseria subflava	g__Neisseria	s__Neisseria subflava
g__Obesumbacterium.s__Obesumbacterium_proteus	Obesumbacterium	Obesumbacterium proteus	g__Obesumbacterium	s__Obesumbacterium proteus
g__Odoribacter.s__Odoribacter_laneus	Odoribacter	Odoribacter laneus	g__Odoribacter	s__Odoribacter laneus
g__Odoribacter.s__Odoribacter_splanchnicus	Odoribacter	Odoribacter splanchnicus	g__Odoribacter	s__Odoribacter splanchnicus
g__Oscillibacter.s__Oscillibacter_sp_57_20	Oscillibacter	Oscillibacter sp 57 20	g__Oscillibacter	s__Oscillibacter sp 57 20
g__Oscillibacter.s__Oscillibacter_sp_CAG_155	Oscillibacter	Oscillibacter sp CAG 155	g__Oscillibacter	s__Oscillibacter sp CAG 155
g__Oscillibacter.s__Oscillibacter_sp_CAG_241	Oscillibacter	Oscillibacter sp CAG 241	g__Oscillibacter	s__Oscillibacter sp CAG 241
g__Oscillibacter.s__Oscillibacter_sp_PC13	Oscillibacter	Oscillibacter sp PC13	g__Oscillibacter	s__Oscillibacter sp PC13
g__Oxalobacter.s__Oxalobacter_formigenes	Oxalobacter	Oxalobacter formigenes	g__Oxalobacter	s__Oxalobacter formigenes
g__Pantoea.s__Pantoea_sesami	Pantoea	Pantoea sesami	g__Pantoea	s__Pantoea sesami
g__Parabacteroides.s__Parabacteroides_distasonis	Parabacteroides	Parabacteroides distasonis	g__Parabacteroides	s__Parabacteroides distasonis
g__Parabacteroides.s__Parabacteroides_goldsteinii	Parabacteroides	Parabacteroides goldsteinii	g__Parabacteroides	s__Parabacteroides goldsteinii
g__Parabacteroides.s__Parabacteroides_johnsonii	Parabacteroides	Parabacteroides johnsonii	g__Parabacteroides	s__Parabacteroides johnsonii
g__Parabacteroides.s__Parabacteroides_merdae	Parabacteroides	Parabacteroides merdae	g__Parabacteroides	s__Parabacteroides merdae
g__Parabacteroides.s__Parabacteroides_sp_CAG_409	Parabacteroides	Parabacteroides sp CAG 409	g__Parabacteroides	s__Parabacteroides sp CAG 409
g__Paraprevotella.s__Paraprevotella_clara	Paraprevotella	Paraprevotella clara	g__Paraprevotella	s__Paraprevotella clara
g__Paraprevotella.s__Paraprevotella_xylaniphila	Paraprevotella	Paraprevotella xylaniphila	g__Paraprevotella	s__Paraprevotella xylaniphila
g__Parasutterella.s__Parasutterella_excrementihominis	Parasutterella	Parasutterella excrementihominis	g__Parasutterella	s__Parasutterella excrementihominis
g__Parvimonas.s__Parvimonas_sp_KA00067	Parvimonas	Parvimonas sp KA00067	g__Parvimonas	s__Parvimonas sp KA00067
g__Pediococcus.s__Pediococcus_pentosaceus	Pediococcus	Pediococcus pentosaceus	g__Pediococcus	s__Pediococcus pentosaceus
g__Peptoniphilus.s__Peptoniphilus_lacrimalis	Peptoniphilus	Peptoniphilus lacrimalis	g__Peptoniphilus	s__Peptoniphilus lacrimalis
g__Peptostreptococcaceae_unclassified.s__Peptostreptococcaceae_bacterium_oral_taxon_929	Peptostreptococcaceae_unclassified	Peptostreptococcaceae_unclassified Peptostreptococcaceae bacterium oral taxon 929	g__Peptostreptococcaceae_unclassified	s__Peptostreptococcaceae_unclassified Peptostreptococcaceae bacterium oral taxon 929
g__Peptostreptococcus.s__Peptostreptococcus_anaerobius	Peptostreptococcus	Peptostreptococcus anaerobius	g__Peptostreptococcus	s__Peptostreptococcus anaerobius
g__Phascolarctobacterium.s__Phascolarctobacterium_faecium	Phascolarctobacterium	Phascolarctobacterium faecium	g__Phascolarctobacterium	s__Phascolarctobacterium faecium
g__Phascolarctobacterium.s__Phascolarctobacterium_sp_CAG_266	Phascolarctobacterium	Phascolarctobacterium sp CAG 266	g__Phascolarctobacterium	s__Phascolarctobacterium sp CAG 266
g__Phascolarctobacterium.s__Phascolarctobacterium_succinatutens	Phascolarctobacterium	Phascolarctobacterium succinatutens	g__Phascolarctobacterium	s__Phascolarctobacterium succinatutens
g__Porphyromonas.s__Porphyromonas_asaccharolytica	Porphyromonas	Porphyromonas asaccharolytica	g__Porphyromonas	s__Porphyromonas asaccharolytica
g__Porphyromonas.s__Porphyromonas_sp_HMSC065F10	Porphyromonas	Porphyromonas sp HMSC065F10	g__Porphyromonas	s__Porphyromonas sp HMSC065F10
g__Porphyromonas.s__Porphyromonas_sp_HMSC077F02	Porphyromonas	Porphyromonas sp HMSC077F02	g__Porphyromonas	s__Porphyromonas sp HMSC077F02
g__Porphyromonas.s__Porphyromonas_uenonis	Porphyromonas	Porphyromonas uenonis	g__Porphyromonas	s__Porphyromonas uenonis
g__Prevotella.s__Prevotella_bivia	Prevotella	Prevotella bivia	g__Prevotella	s__Prevotella bivia
g__Prevotella.s__Prevotella_buccae	Prevotella	Prevotella buccae	g__Prevotella	s__Prevotella buccae
g__Prevotella.s__Prevotella_buccalis	Prevotella	Prevotella buccalis	g__Prevotella	s__Prevotella buccalis
g__Prevotella.s__Prevotella_copri	Prevotella	Prevotella copri	g__Prevotella	s__Prevotella copri
g__Prevotella.s__Prevotella_corporis	Prevotella	Prevotella corporis	g__Prevotella	s__Prevotella corporis
g__Prevotella.s__Prevotella_disiens	Prevotella	Prevotella disiens	g__Prevotella	s__Prevotella disiens
g__Prevotella.s__Prevotella_oralis	Prevotella	Prevotella oralis	g__Prevotella	s__Prevotella oralis
g__Prevotella.s__Prevotella_oris	Prevotella	Prevotella oris	g__Prevotella	s__Prevotella oris
g__Prevotella.s__Prevotella_sp_109	Prevotella	Prevotella sp 109	g__Prevotella	s__Prevotella sp 109
g__Prevotella.s__Prevotella_sp_885	Prevotella	Prevotella sp 885	g__Prevotella	s__Prevotella sp 885
g__Prevotella.s__Prevotella_sp_AM42_24	Prevotella	Prevotella sp AM42 24	g__Prevotella	s__Prevotella sp AM42 24
g__Prevotella.s__Prevotella_sp_CAG_1031	Prevotella	Prevotella sp CAG 1031	g__Prevotella	s__Prevotella sp CAG 1031
g__Prevotella.s__Prevotella_sp_CAG_1058	Prevotella	Prevotella sp CAG 1058	g__Prevotella	s__Prevotella sp CAG 1058
g__Prevotella.s__Prevotella_sp_CAG_1092	Prevotella	Prevotella sp CAG 1092	g__Prevotella	s__Prevotella sp CAG 1092
g__Prevotella.s__Prevotella_sp_CAG_1124	Prevotella	Prevotella sp CAG 1124	g__Prevotella	s__Prevotella sp CAG 1124
g__Prevotella.s__Prevotella_sp_CAG_1185	Prevotella	Prevotella sp CAG 1185	g__Prevotella	s__Prevotella sp CAG 1185
g__Prevotella.s__Prevotella_sp_CAG_1320	Prevotella	Prevotella sp CAG 1320	g__Prevotella	s__Prevotella sp CAG 1320
g__Prevotella.s__Prevotella_sp_CAG_279	Prevotella	Prevotella sp CAG 279	g__Prevotella	s__Prevotella sp CAG 279
g__Prevotella.s__Prevotella_sp_CAG_386	Prevotella	Prevotella sp CAG 386	g__Prevotella	s__Prevotella sp CAG 386
g__Prevotella.s__Prevotella_sp_CAG_485	Prevotella	Prevotella sp CAG 485	g__Prevotella	s__Prevotella sp CAG 485
g__Prevotella.s__Prevotella_sp_CAG_487	Prevotella	Prevotella sp CAG 487	g__Prevotella	s__Prevotella sp CAG 487
g__Prevotella.s__Prevotella_sp_CAG_520	Prevotella	Prevotella sp CAG 520	g__Prevotella	s__Prevotella sp CAG 520
g__Prevotella.s__Prevotella_sp_CAG_5226	Prevotella	Prevotella sp CAG 5226	g__Prevotella	s__Prevotella sp CAG 5226
g__Prevotella.s__Prevotella_sp_CAG_604	Prevotella	Prevotella sp CAG 604	g__Prevotella	s__Prevotella sp CAG 604
g__Prevotella.s__Prevotella_sp_CAG_617	Prevotella	Prevotella sp CAG 617	g__Prevotella	s__Prevotella sp CAG 617
g__Prevotella.s__Prevotella_sp_CAG_732	Prevotella	Prevotella sp CAG 732	g__Prevotella	s__Prevotella sp CAG 732
g__Prevotella.s__Prevotella_sp_CAG_755	Prevotella	Prevotella sp CAG 755	g__Prevotella	s__Prevotella sp CAG 755
g__Prevotella.s__Prevotella_sp_CAG_873	Prevotella	Prevotella sp CAG 873	g__Prevotella	s__Prevotella sp CAG 873
g__Prevotella.s__Prevotella_sp_CAG_891	Prevotella	Prevotella sp CAG 891	g__Prevotella	s__Prevotella sp CAG 891
g__Prevotella.s__Prevotella_sp_CAG_924	Prevotella	Prevotella sp CAG 924	g__Prevotella	s__Prevotella sp CAG 924
g__Prevotella.s__Prevotella_stercorea	Prevotella	Prevotella stercorea	g__Prevotella	s__Prevotella stercorea
g__Prevotella.s__Prevotella_timonensis	Prevotella	Prevotella timonensis	g__Prevotella	s__Prevotella timonensis
g__Proteobacteria_unclassified.s__Proteobacteria_bacterium_CAG_139	Proteobacteria_unclassified	Proteobacteria_unclassified Proteobacteria bacterium CAG 139	g__Proteobacteria_unclassified	s__Proteobacteria_unclassified Proteobacteria bacterium CAG 139
g__Proteobacteria_unclassified.s__Proteobacteria_bacterium_CAG_495	Proteobacteria_unclassified	Proteobacteria_unclassified Proteobacteria bacterium CAG 495	g__Proteobacteria_unclassified	s__Proteobacteria_unclassified Proteobacteria bacterium CAG 495
g__Proteus.s__Proteus_mirabilis	Proteus	Proteus mirabilis	g__Proteus	s__Proteus mirabilis
g__Proteus.s__Proteus_penneri	Proteus	Proteus penneri	g__Proteus	s__Proteus penneri
g__Pseudescherichia.s__Pseudescherichia_vulneris	Pseudescherichia	Pseudescherichia vulneris	g__Pseudescherichia	s__Pseudescherichia vulneris
g__Pseudoflavonifractor.s__Pseudoflavonifractor_capillosus	Pseudoflavonifractor	Pseudoflavonifractor capillosus	g__Pseudoflavonifractor	s__Pseudoflavonifractor capillosus
g__Pseudoflavonifractor.s__Pseudoflavonifractor_sp_An184	Pseudoflavonifractor	Pseudoflavonifractor sp An184	g__Pseudoflavonifractor	s__Pseudoflavonifractor sp An184
g__Pseudomonas.s__Pseudomonas_aeruginosa	Pseudomonas	Pseudomonas aeruginosa	g__Pseudomonas	s__Pseudomonas aeruginosa
g__Pseudomonas.s__Pseudomonas_aeruginosa_group	Pseudomonas	Pseudomonas aeruginosa group	g__Pseudomonas	s__Pseudomonas aeruginosa group
g__Pseudomonas.s__Pseudomonas_endophytica	Pseudomonas	Pseudomonas endophytica	g__Pseudomonas	s__Pseudomonas endophytica
g__Pseudomonas.s__Pseudomonas_fragi	Pseudomonas	Pseudomonas fragi	g__Pseudomonas	s__Pseudomonas fragi
g__Pseudomonas.s__Pseudomonas_helleri	Pseudomonas	Pseudomonas helleri	g__Pseudomonas	s__Pseudomonas helleri
g__Pseudomonas.s__Pseudomonas_psychrophila	Pseudomonas	Pseudomonas psychrophila	g__Pseudomonas	s__Pseudomonas psychrophila
g__Pyramidobacter.s__Pyramidobacter_piscolens	Pyramidobacter	Pyramidobacter piscolens	g__Pyramidobacter	s__Pyramidobacter piscolens
g__Raoultella.s__Raoultella_ornithinolytica	Raoultella	Raoultella ornithinolytica	g__Raoultella	s__Raoultella ornithinolytica
g__Raoultella.s__Raoultella_planticola	Raoultella	Raoultella planticola	g__Raoultella	s__Raoultella planticola
g__Roseburia.s__Roseburia_faecis	Roseburia	Roseburia faecis	g__Roseburia	s__Roseburia faecis
g__Roseburia.s__Roseburia_hominis	Roseburia	Roseburia hominis	g__Roseburia	s__Roseburia hominis
g__Roseburia.s__Roseburia_intestinalis	Roseburia	Roseburia intestinalis	g__Roseburia	s__Roseburia intestinalis
g__Roseburia.s__Roseburia_inulinivorans	Roseburia	Roseburia inulinivorans	g__Roseburia	s__Roseburia inulinivorans
g__Roseburia.s__Roseburia_sp_CAG_100	Roseburia	Roseburia sp CAG 100	g__Roseburia	s__Roseburia sp CAG 100
g__Roseburia.s__Roseburia_sp_CAG_182	Roseburia	Roseburia sp CAG 182	g__Roseburia	s__Roseburia sp CAG 182
g__Roseburia.s__Roseburia_sp_CAG_197	Roseburia	Roseburia sp CAG 197	g__Roseburia	s__Roseburia sp CAG 197
g__Roseburia.s__Roseburia_sp_CAG_303	Roseburia	Roseburia sp CAG 303	g__Roseburia	s__Roseburia sp CAG 303
g__Roseburia.s__Roseburia_sp_CAG_380	Roseburia	Roseburia sp CAG 380	g__Roseburia	s__Roseburia sp CAG 380
g__Roseburia.s__Roseburia_sp_CAG_471	Roseburia	Roseburia sp CAG 471	g__Roseburia	s__Roseburia sp CAG 471
g__Rothia.s__Rothia_mucilaginosa	Rothia	Rothia mucilaginosa	g__Rothia	s__Rothia mucilaginosa
g__Rubneribacter.s__Rubneribacter_badeniensis	Rubneribacter	Rubneribacter badeniensis	g__Rubneribacter	s__Rubneribacter badeniensis
g__Ruminococcaceae_unclassified.s__Clostridium_leptum	Ruminococcaceae_unclassified	Ruminococcaceae_unclassified Clostridium leptum	g__Ruminococcaceae_unclassified	s__Ruminococcaceae_unclassified Clostridium leptum
g__Ruminococcaceae_unclassified.s__Eubacterium_siraeum	Ruminococcaceae_unclassified	Ruminococcaceae_unclassified Eubacterium siraeum	g__Ruminococcaceae_unclassified	s__Ruminococcaceae_unclassified Eubacterium siraeum
g__Ruminococcaceae_unclassified.s__Ruminococcaceae_bacterium_D16	Ruminococcaceae_unclassified	Ruminococcaceae_unclassified Ruminococcaceae bacterium D16	g__Ruminococcaceae_unclassified	s__Ruminococcaceae_unclassified Ruminococcaceae bacterium D16
g__Ruminococcaceae_unclassified.s__Ruminococcaceae_bacterium_D5	Ruminococcaceae_unclassified	Ruminococcaceae_unclassified Ruminococcaceae bacterium D5	g__Ruminococcaceae_unclassified	s__Ruminococcaceae_unclassified Ruminococcaceae bacterium D5
g__Ruminococcus.s__Ruminococcus_bicirculans	Ruminococcus	Ruminococcus bicirculans	g__Ruminococcus	s__Ruminococcus bicirculans
g__Ruminococcus.s__Ruminococcus_bromii	Ruminococcus	Ruminococcus bromii	g__Ruminococcus	s__Ruminococcus bromii
g__Ruminococcus.s__Ruminococcus_callidus	Ruminococcus	Ruminococcus callidus	g__Ruminococcus	s__Ruminococcus callidus
g__Ruminococcus.s__Ruminococcus_champanellensis	Ruminococcus	Ruminococcus champanellensis	g__Ruminococcus	s__Ruminococcus champanellensis
g__Ruminococcus.s__Ruminococcus_lactaris	Ruminococcus	Ruminococcus lactaris	g__Ruminococcus	s__Ruminococcus lactaris
g__Ruminococcus.s__Ruminococcus_sp_AF31_8BH	Ruminococcus	Ruminococcus sp AF31 8BH	g__Ruminococcus	s__Ruminococcus sp AF31 8BH
g__Ruminococcus.s__Ruminococcus_sp_CAG_177	Ruminococcus	Ruminococcus sp CAG 177	g__Ruminococcus	s__Ruminococcus sp CAG 177
g__Ruminococcus.s__Ruminococcus_sp_CAG_330	Ruminococcus	Ruminococcus sp CAG 330	g__Ruminococcus	s__Ruminococcus sp CAG 330
g__Ruminococcus.s__Ruminococcus_sp_CAG_353	Ruminococcus	Ruminococcus sp CAG 353	g__Ruminococcus	s__Ruminococcus sp CAG 353
g__Ruminococcus.s__Ruminococcus_sp_CAG_382	Ruminococcus	Ruminococcus sp CAG 382	g__Ruminococcus	s__Ruminococcus sp CAG 382
g__Ruminococcus.s__Ruminococcus_sp_CAG_403	Ruminococcus	Ruminococcus sp CAG 403	g__Ruminococcus	s__Ruminococcus sp CAG 403
g__Ruminococcus.s__Ruminococcus_sp_CAG_488	Ruminococcus	Ruminococcus sp CAG 488	g__Ruminococcus	s__Ruminococcus sp CAG 488
g__Ruminococcus.s__Ruminococcus_sp_CAG_563	Ruminococcus	Ruminococcus sp CAG 563	g__Ruminococcus	s__Ruminococcus sp CAG 563
g__Ruminococcus.s__Ruminococcus_sp_CAG_579	Ruminococcus	Ruminococcus sp CAG 579	g__Ruminococcus	s__Ruminococcus sp CAG 579
g__Ruminococcus.s__Ruminococcus_sp_CAG_624	Ruminococcus	Ruminococcus sp CAG 624	g__Ruminococcus	s__Ruminococcus sp CAG 624
g__Ruminococcus.s__Ruminococcus_sp_CAG_724	Ruminococcus	Ruminococcus sp CAG 724	g__Ruminococcus	s__Ruminococcus sp CAG 724
g__Ruthenibacterium.s__Ruthenibacterium_lactatiformans	Ruthenibacterium	Ruthenibacterium lactatiformans	g__Ruthenibacterium	s__Ruthenibacterium lactatiformans
g__Sanguibacteroides.s__Sanguibacteroides_justesenii	Sanguibacteroides	Sanguibacteroides justesenii	g__Sanguibacteroides	s__Sanguibacteroides justesenii
g__Sellimonas.s__Sellimonas_intestinalis	Sellimonas	Sellimonas intestinalis	g__Sellimonas	s__Sellimonas intestinalis
g__Senegalimassilia.s__Senegalimassilia_anaerobia	Senegalimassilia	Senegalimassilia anaerobia	g__Senegalimassilia	s__Senegalimassilia anaerobia
g__Slackia.s__Slackia_isoflavoniconvertens	Slackia	Slackia isoflavoniconvertens	g__Slackia	s__Slackia isoflavoniconvertens
g__Slackia.s__Slackia_piriformis	Slackia	Slackia piriformis	g__Slackia	s__Slackia piriformis
g__Solobacterium.s__Solobacterium_moorei	Solobacterium	Solobacterium moorei	g__Solobacterium	s__Solobacterium moorei
g__Staphylococcus.s__Staphylococcus_aureus	Staphylococcus	Staphylococcus aureus	g__Staphylococcus	s__Staphylococcus aureus
g__Staphylococcus.s__Staphylococcus_epidermidis	Staphylococcus	Staphylococcus epidermidis	g__Staphylococcus	s__Staphylococcus epidermidis
g__Streptococcus.s__Streptococcus_anginosus_group	Streptococcus	Streptococcus anginosus group	g__Streptococcus	s__Streptococcus anginosus group
g__Streptococcus.s__Streptococcus_australis	Streptococcus	Streptococcus australis	g__Streptococcus	s__Streptococcus australis
g__Streptococcus.s__Streptococcus_cristatus	Streptococcus	Streptococcus cristatus	g__Streptococcus	s__Streptococcus cristatus
g__Streptococcus.s__Streptococcus_equinus	Streptococcus	Streptococcus equinus	g__Streptococcus	s__Streptococcus equinus
g__Streptococcus.s__Streptococcus_gallolyticus	Streptococcus	Streptococcus gallolyticus	g__Streptococcus	s__Streptococcus gallolyticus
g__Streptococcus.s__Streptococcus_gordonii	Streptococcus	Streptococcus gordonii	g__Streptococcus	s__Streptococcus gordonii
g__Streptococcus.s__Streptococcus_infantarius	Streptococcus	Streptococcus infantarius	g__Streptococcus	s__Streptococcus infantarius
g__Streptococcus.s__Streptococcus_infantis	Streptococcus	Streptococcus infantis	g__Streptococcus	s__Streptococcus infantis
g__Streptococcus.s__Streptococcus_lutetiensis	Streptococcus	Streptococcus lutetiensis	g__Streptococcus	s__Streptococcus lutetiensis
g__Streptococcus.s__Streptococcus_macedonicus	Streptococcus	Streptococcus macedonicus	g__Streptococcus	s__Streptococcus macedonicus
g__Streptococcus.s__Streptococcus_mitis	Streptococcus	Streptococcus mitis	g__Streptococcus	s__Streptococcus mitis
g__Streptococcus.s__Streptococcus_oralis	Streptococcus	Streptococcus oralis	g__Streptococcus	s__Streptococcus oralis
g__Streptococcus.s__Streptococcus_parasanguinis	Streptococcus	Streptococcus parasanguinis	g__Streptococcus	s__Streptococcus parasanguinis
g__Streptococcus.s__Streptococcus_pasteurianus	Streptococcus	Streptococcus pasteurianus	g__Streptococcus	s__Streptococcus pasteurianus
g__Streptococcus.s__Streptococcus_pneumoniae	Streptococcus	Streptococcus pneumoniae	g__Streptococcus	s__Streptococcus pneumoniae
g__Streptococcus.s__Streptococcus_pseudopneumoniae	Streptococcus	Streptococcus pseudopneumoniae	g__Streptococcus	s__Streptococcus pseudopneumoniae
g__Streptococcus.s__Streptococcus_salivarius	Streptococcus	Streptococcus salivarius	g__Streptococcus	s__Streptococcus salivarius
g__Streptococcus.s__Streptococcus_sanguinis	Streptococcus	Streptococcus sanguinis	g__Streptococcus	s__Streptococcus sanguinis
g__Streptococcus.s__Streptococcus_sp_A12	Streptococcus	Streptococcus sp A12	g__Streptococcus	s__Streptococcus sp A12
g__Streptococcus.s__Streptococcus_sp_F0442	Streptococcus	Streptococcus sp F0442	g__Streptococcus	s__Streptococcus sp F0442
g__Streptococcus.s__Streptococcus_thermophilus	Streptococcus	Streptococcus thermophilus	g__Streptococcus	s__Streptococcus thermophilus
g__Streptococcus.s__Streptococcus_vestibularis	Streptococcus	Streptococcus vestibularis	g__Streptococcus	s__Streptococcus vestibularis
g__Streptococcus.s__Streptococcus_viridans	Streptococcus	Streptococcus viridans	g__Streptococcus	s__Streptococcus viridans
g__Subdoligranulum.s__Subdoligranulum_sp_APC924_74	Subdoligranulum	Subdoligranulum sp APC924 74	g__Subdoligranulum	s__Subdoligranulum sp APC924 74
g__Succinatimonas.s__Succinatimonas_hippei	Succinatimonas	Succinatimonas hippei	g__Succinatimonas	s__Succinatimonas hippei
g__Succinatimonas.s__Succinatimonas_sp_CAG_777	Succinatimonas	Succinatimonas sp CAG 777	g__Succinatimonas	s__Succinatimonas sp CAG 777
g__Sutterella.s__Sutterella_parvirubra	Sutterella	Sutterella parvirubra	g__Sutterella	s__Sutterella parvirubra
g__Sutterella.s__Sutterella_sp_CAG_351	Sutterella	Sutterella sp CAG 351	g__Sutterella	s__Sutterella sp CAG 351
g__Sutterella.s__Sutterella_sp_CAG_397	Sutterella	Sutterella sp CAG 397	g__Sutterella	s__Sutterella sp CAG 397
g__Sutterella.s__Sutterella_sp_CAG_521	Sutterella	Sutterella sp CAG 521	g__Sutterella	s__Sutterella sp CAG 521
g__Sutterella.s__Sutterella_wadsworthensis	Sutterella	Sutterella wadsworthensis	g__Sutterella	s__Sutterella wadsworthensis
g__Turicibacter.s__Turicibacter_sanguinis	Turicibacter	Turicibacter sanguinis	g__Turicibacter	s__Turicibacter sanguinis
g__Turicimonas.s__Turicimonas_muris	Turicimonas	Turicimonas muris	g__Turicimonas	s__Turicimonas muris
g__Tyzzerella.s__Tyzzerella_nexilis	Tyzzerella	Tyzzerella nexilis	g__Tyzzerella	s__Tyzzerella nexilis
g__Varibaculum.s__Varibaculum_cambriense	Varibaculum	Varibaculum cambriense	g__Varibaculum	s__Varibaculum cambriense
g__Veillonella.s__Veillonella_atypica	Veillonella	Veillonella atypica	g__Veillonella	s__Veillonella atypica
g__Veillonella.s__Veillonella_denticariosi	Veillonella	Veillonella denticariosi	g__Veillonella	s__Veillonella denticariosi
g__Veillonella.s__Veillonella_dispar	Veillonella	Veillonella dispar	g__Veillonella	s__Veillonella dispar
g__Veillonella.s__Veillonella_infantium	Veillonella	Veillonella infantium	g__Veillonella	s__Veillonella infantium
g__Veillonella.s__Veillonella_parvula	Veillonella	Veillonella parvula	g__Veillonella	s__Veillonella parvula
g__Veillonella.s__Veillonella_rogosae	Veillonella	Veillonella rogosae	g__Veillonella	s__Veillonella rogosae
g__Veillonella.s__Veillonella_seminalis	Veillonella	Veillonella seminalis	g__Veillonella	s__Veillonella seminalis
g__Veillonella.s__Veillonella_sp_CAG_933	Veillonella	Veillonella sp CAG 933	g__Veillonella	s__Veillonella sp CAG 933
g__Veillonella.s__Veillonella_tobetsuensis	Veillonella	Veillonella tobetsuensis	g__Veillonella	s__Veillonella tobetsuensis
g__Victivallales_unclassified.s__Victivallales_bacterium_CCUG_44730	Victivallales_unclassified	Victivallales_unclassified Victivallales bacterium CCUG 44730	g__Victivallales_unclassified	s__Victivallales_unclassified Victivallales bacterium CCUG 44730
g__Victivallis.s__Victivallis_vadensis	Victivallis	Victivallis vadensis	g__Victivallis	s__Victivallis vadensis
g__Weissella.s__Weissella_cibaria	Weissella	Weissella cibaria	g__Weissella	s__Weissella cibaria
g__Weissella.s__Weissella_confusa	Weissella	Weissella confusa	g__Weissella	s__Weissella confusa
g__Weissella.s__Weissella_viridescens	Weissella	Weissella viridescens	g__Weissella	s__Weissella viridescens
